++ date +%s
+ TIMESTAMP=1746816486
++ realpath tmp
+ export SINGULARITY_CACHEDIR=/home/tor.bjorgen/repos/cg/train0/tmp/devenv/singularity-cache/1746816486
+ SINGULARITY_CACHEDIR=/home/tor.bjorgen/repos/cg/train0/tmp/devenv/singularity-cache/1746816486
+ mkdir -p /home/tor.bjorgen/repos/cg/train0/tmp/devenv/singularity-cache/1746816486
++ pwd .
+ singularity exec --nv -w --fakeroot --no-home --cleanenv --contain --containall -B /home/tor.bjorgen/repos/cg/train0:/rdds tmp/devenv/rdds_nvidia-v1.10.0.sif bash -c 'export PYTHONPATH=/rdds/src && export PYTHONUNBUFFERED=1 &&
. /opt/pyenv/bin/activate && python3 -m rdds.variant_rank_score train /rdds/tmp/variant-rank-score/compiletest-vepfixes-final-compile-v1.5.0.hd5'
[33mWARNING:[0m NVIDIA binaries may not be bound with --writable
[34mINFO:   [0m Convert SIF file to sandbox...
2025-05-09 18:49:19.536696: I tensorflow/core/platform/cpu_feature_guard.cc:182] This TensorFlow binary is optimized to use available CPU instructions in performance-critical operations.
To enable the following instructions: AVX2 AVX512F FMA, in other operations, rebuild TensorFlow with the appropriate compiler flags.
2025-05-09 18:49:32.258955: W tensorflow/compiler/tf2tensorrt/utils/py_utils.cc:38] TF-TRT Warning: Could not find TensorRT
[2025-05-09 18:49:54,090][check_numerics:check_numerics.py:L18][WARNING] check_numerics disabled due to GPU available: [PhysicalDevice(name='/physical_device:GPU:0', device_type='GPU')]
[2025-05-09 18:50:13,762][font_manager:font_manager.py:L1008][WARNING] Matplotlib is building the font cache; this may take a moment.
[2025-05-09 18:50:18,079][model:model.py:L123][INFO] Total amount of features: 24
[2025-05-09 18:50:18,114][hd5_data_generator:hd5_data_generator.py:L53][INFO] Generating data from group 'train'
[2025-05-09 18:50:18,129][hd5_data_generator:hd5_data_generator.py:L58][INFO] Loading data to RAM.
[2025-05-09 18:56:14,869][hd5_data_generator:hd5_data_generator.py:L66][INFO] RAM loading complete.
[2025-05-09 18:56:14,870][hd5_data_generator:hd5_data_generator.py:L74][INFO] OutputTensorFormat: ['CSQ_PolyPhen', 'CSQ_SIFT', 'CSQ_CLINVAR_CLNREVSTAT', 'CSQ_CLINVAR_CLNSIG', 'most_severe_consequence', 'CSQ_MaxEntScan_alt', 'CSQ_MaxEntScan_diff', 'CSQ_MES-SWA_acceptor_alt', 'CSQ_MES-SWA_donor_alt', 'CSQ_MES-SWA_donor_diff', 'CSQ_SpliceAI_pred_DS_AL', 'CSQ_SpliceAI_pred_DS_DG', 'CSQ_SpliceAI_pred_DS_DL', 'CSQ_REVEL_score', 'CSQ_LoFtool', 'CSQ_GERP++_RS', 'CSQ_phastCons100way_vertebrate', 'CSQ_phyloP100way_vertebrate', 'CADD', 'SWEGENAF', 'GNOMADAF_popmax', 'SPIDEX', 'CSQ_SpliceAI_pred_DS_AG', 'Frq'], Label: label
[2025-05-09 18:56:14,870][hd5_data_generator:hd5_data_generator.py:L92][INFO] 5620883 samples across 113 features
2025-05-09 18:56:18.856519: I tensorflow/core/common_runtime/gpu/gpu_device.cc:1635] Created device /job:localhost/replica:0/task:0/device:GPU:0 with 30935 MB memory:  -> device: 0, name: Tesla V100-PCIE-32GB, pci bus id: 0000:3b:00.0, compute capability: 7.0
[2025-05-09 18:56:21,266][model:model.py:L440][INFO] nTP:218026.0 (3.8789%)         , nTN:5402857.0, n_samples:5620883
[2025-05-09 18:56:21,268][model:model.py:L474][INFO] class weights: benign:0.520176917508644, pathogenic:12.89039609954776
[2025-05-09 18:56:21,280][tensor_spec:tensor_spec.py:L262][WARNING] `CSQ_GERP++_RS` is not a valid node name. Accepted names conform to Regex /re.compile('^[A-Za-z0-9.][A-Za-z0-9_.\\\\/>-]*$')/
[2025-05-09 18:56:22,899][hd5_data_generator:hd5_data_generator.py:L53][INFO] Generating data from group 'test'
[2025-05-09 18:56:22,933][hd5_data_generator:hd5_data_generator.py:L58][INFO] Loading data to RAM.
[2025-05-09 18:58:20,817][hd5_data_generator:hd5_data_generator.py:L66][INFO] RAM loading complete.
[2025-05-09 18:58:20,818][hd5_data_generator:hd5_data_generator.py:L74][INFO] OutputTensorFormat: ['CSQ_PolyPhen', 'CSQ_SIFT', 'CSQ_CLINVAR_CLNREVSTAT', 'CSQ_CLINVAR_CLNSIG', 'most_severe_consequence', 'CSQ_MaxEntScan_alt', 'CSQ_MaxEntScan_diff', 'CSQ_MES-SWA_acceptor_alt', 'CSQ_MES-SWA_donor_alt', 'CSQ_MES-SWA_donor_diff', 'CSQ_SpliceAI_pred_DS_AL', 'CSQ_SpliceAI_pred_DS_DG', 'CSQ_SpliceAI_pred_DS_DL', 'CSQ_REVEL_score', 'CSQ_LoFtool', 'CSQ_GERP++_RS', 'CSQ_phastCons100way_vertebrate', 'CSQ_phyloP100way_vertebrate', 'CADD', 'SWEGENAF', 'GNOMADAF_popmax', 'SPIDEX', 'CSQ_SpliceAI_pred_DS_AG', 'Frq'], Label: label
[2025-05-09 18:58:20,820][hd5_data_generator:hd5_data_generator.py:L92][INFO] 1873628 samples across 113 features
[2025-05-09 18:58:20,912][model:model.py:L614][INFO] Datasets init complete: InitializedDatasets(dataset_train=<_PrefetchDataset element_spec=((TensorSpec(shape=(None,), dtype=tf.string, name=None), TensorSpec(shape=(None,), dtype=tf.string, name=None), TensorSpec(shape=(None,), dtype=tf.string, name=None), TensorSpec(shape=(None,), dtype=tf.string, name=None), TensorSpec(shape=(None,), dtype=tf.string, name=None), TensorSpec(shape=(None,), dtype=tf.float32, name=None), TensorSpec(shape=(None,), dtype=tf.float32, name=None), TensorSpec(shape=(None,), dtype=tf.float32, name=None), TensorSpec(shape=(None,), dtype=tf.float32, name=None), TensorSpec(shape=(None,), dtype=tf.float32, name=None), TensorSpec(shape=(None,), dtype=tf.float32, name=None), TensorSpec(shape=(None,), dtype=tf.float32, name=None), TensorSpec(shape=(None,), dtype=tf.float32, name=None), TensorSpec(shape=(None,), dtype=tf.float32, name=None), TensorSpec(shape=(None,), dtype=tf.float32, name=None), TensorSpec(shape=(None,), dtype=tf.float32, name=None), TensorSpec(shape=(None,), dtype=tf.float32, name=None), TensorSpec(shape=(None,), dtype=tf.float32, name=None), TensorSpec(shape=(None,), dtype=tf.float32, name=None), TensorSpec(shape=(None,), dtype=tf.float32, name=None), TensorSpec(shape=(None,), dtype=tf.float32, name=None), TensorSpec(shape=(None,), dtype=tf.float32, name=None), TensorSpec(shape=(None,), dtype=tf.float32, name=None), TensorSpec(shape=(None,), dtype=tf.float32, name=None)), (TensorSpec(shape=(None, 1), dtype=tf.float32, name=None),), TensorSpec(shape=(None, 1, 1), dtype=tf.float32, name=None))>, dataset_test=<_PrefetchDataset element_spec=((TensorSpec(shape=(None,), dtype=tf.string, name=None), TensorSpec(shape=(None,), dtype=tf.string, name=None), TensorSpec(shape=(None,), dtype=tf.string, name=None), TensorSpec(shape=(None,), dtype=tf.string, name=None), TensorSpec(shape=(None,), dtype=tf.string, name=None), TensorSpec(shape=(None,), dtype=tf.float32, name=None), TensorSpec(shape=(None,), dtype=tf.float32, name=None), TensorSpec(shape=(None,), dtype=tf.float32, name=None), TensorSpec(shape=(None,), dtype=tf.float32, name=None), TensorSpec(shape=(None,), dtype=tf.float32, name=None), TensorSpec(shape=(None,), dtype=tf.float32, name=None), TensorSpec(shape=(None,), dtype=tf.float32, name=None), TensorSpec(shape=(None,), dtype=tf.float32, name=None), TensorSpec(shape=(None,), dtype=tf.float32, name=None), TensorSpec(shape=(None,), dtype=tf.float32, name=None), TensorSpec(shape=(None,), dtype=tf.float32, name=None), TensorSpec(shape=(None,), dtype=tf.float32, name=None), TensorSpec(shape=(None,), dtype=tf.float32, name=None), TensorSpec(shape=(None,), dtype=tf.float32, name=None), TensorSpec(shape=(None,), dtype=tf.float32, name=None), TensorSpec(shape=(None,), dtype=tf.float32, name=None), TensorSpec(shape=(None,), dtype=tf.float32, name=None), TensorSpec(shape=(None,), dtype=tf.float32, name=None), TensorSpec(shape=(None,), dtype=tf.float32, name=None)), (TensorSpec(shape=(None, 1), dtype=tf.float32, name=None),))>, train_data_length=5620883, test_data_length=1873628, batch_size=160, model_bias_estimate=-3.210068844983594, dataset_train_numerical=None, dataset_train_vocabulary=None)
[2025-05-09 18:58:22,047][model:model.py:L199][INFO] Vocabulary length: 88 words
[2025-05-09 18:58:22,049][model:model.py:L200][INFO] ['[UNK]', 'variant', 'intron', 'provided', 'criteria', 'gene', 'benign', 'single', 'submitter', 'likely', 'downstream', 'upstream', 'transcript', 'coding', 'non', 'exon', 'synonymous', 'pathogenic', 'no', 'missense', 'splice', 'submitters', 'multiple', 'conflicts', 'damaging', 'frameshift', 'deleterious', 'tolerated', 'utr', 'prime', 'region', 'probably', 'tract', 'polypyrimidine', 'stop', 'gained', 'assertion', 'low', 'confidence', 'donor', 'possibly', 'acceptor', 'uncertain', 'significance', 'reviewed', 'panel', 'expert', 'by', 'inframe', 'unknown', 'interpretations', 'conflicting', 'deletion', 'pathogenicity', 'of', 'lost', 'th', 'base', 'response', 'drug', 'insertion', 'start', 'not', 'risk', 'factor', 'association', 'protein', 'altering', 'affects', 'retained', 'ablation', 'sequence', 'practice', 'guideline', 'protective', 'the', 'interpretation', 'for', 'terminal', 'incomplete', 'codon', 'other', 'mirna', 'mature', 'allele', 'sensitivity', 'intergenic', 'confers']
[2025-05-09 18:58:22,055][text_vectorization_layer:text_vectorization_layer.py:L118][INFO] Saved vocabulary to: /rdds/tmp/variant-rank-score/models/20250509-185018/vocabulary.txt
2025-05-09 18:58:22.331900: I tensorflow/core/common_runtime/executor.cc:1197] [/device:CPU:0] (DEBUG INFO) Executor start aborting (this does not indicate an error and you can ignore this message): INVALID_ARGUMENT: You must feed a value for placeholder tensor 'Placeholder' with dtype int64
	 [[{{node Placeholder}}]]
2025-05-09 18:58:22.343838: I tensorflow/core/common_runtime/executor.cc:1197] [/device:CPU:0] (DEBUG INFO) Executor start aborting (this does not indicate an error and you can ignore this message): INVALID_ARGUMENT: You must feed a value for placeholder tensor 'Placeholder' with dtype int64
	 [[{{node Placeholder}}]]
2025-05-09 18:58:22.349691: I tensorflow/core/common_runtime/executor.cc:1197] [/device:CPU:0] (DEBUG INFO) Executor start aborting (this does not indicate an error and you can ignore this message): INVALID_ARGUMENT: You must feed a value for placeholder tensor 'Placeholder' with dtype int64
	 [[{{node Placeholder}}]]
[2025-05-09 18:58:22,395][model:model.py:L216][INFO] Loading normalisation weights from file /rdds/src/rdds/variant_rank_score/model/default_model/drop-modelscore/normalisation.tar
[2025-05-09 18:58:22,542][instance_normalisation_layer:instance_normalisation_layer.py:L82][INFO] Loaded weights from /rdds/src/rdds/variant_rank_score/model/default_model/drop-modelscore/normalisation.tar
[2025-05-09 18:58:22,553][instance_normalisation_layer:instance_normalisation_layer.py:L83][INFO] Normalisation weights:
[<tf.Variable 'NumericalNormalisation/mean:0' shape=(19,) dtype=float32, numpy=
array([0.00933815, 0.00933815, 0.00933815, 0.00933815, 0.00933815,
       0.00933815, 0.00933815, 0.00933815, 0.00933815, 0.00933815,
       0.00933815, 0.00933815, 0.00933815, 0.00933815, 0.00933815,
       0.00933815, 0.00933815, 0.00933815, 0.00933815], dtype=float32)>, <tf.Variable 'NumericalNormalisation/variance:0' shape=(19,) dtype=float32, numpy=
array([8.334279, 8.334279, 8.334279, 8.334279, 8.334279, 8.334279,
       8.334279, 8.334279, 8.334279, 8.334279, 8.334279, 8.334279,
       8.334279, 8.334279, 8.334279, 8.334279, 8.334279, 8.334279,
       8.334279], dtype=float32)>, <tf.Variable 'NumericalNormalisation/count:0' shape=() dtype=int64, numpy=106796796>]
[2025-05-09 18:58:22,559][instance_normalisation_layer:instance_normalisation_layer.py:L59][INFO] Stored normalisation weights to tar archive: /rdds/tmp/variant-rank-score/models/20250509-185018/normalisation.tar
[2025-05-09 18:58:22,559][model:model.py:L221][INFO] Saved normalisation weights to /rdds/tmp/variant-rank-score/models/20250509-185018/normalisation.tar
[2025-05-09 18:58:22,648][model:model.py:L256][INFO] Feature vector shape (None, 384)
[2025-05-09 18:58:22,649][model:model.py:L273][INFO] length feature vector 24
`layer.add_variable` is deprecated and will be removed in a future version. Please use the `layer.add_weight()` method instead.
`layer.add_variable` is deprecated and will be removed in a future version. Please use the `layer.add_weight()` method instead.
`layer.add_variable` is deprecated and will be removed in a future version. Please use the `layer.add_weight()` method instead.
`layer.add_variable` is deprecated and will be removed in a future version. Please use the `layer.add_weight()` method instead.
`layer.add_variable` is deprecated and will be removed in a future version. Please use the `layer.add_weight()` method instead.
`layer.add_variable` is deprecated and will be removed in a future version. Please use the `layer.add_weight()` method instead.
`layer.add_variable` is deprecated and will be removed in a future version. Please use the `layer.add_weight()` method instead.
Model: "functional_keras_model_with_custom_metrics"
________________________________________________________________________________________________________________________________________________________________
 Layer (type)                                       Output Shape                        Param #            Connected to                                         
================================================================================================================================================================
 CSQ_PolyPhen (InputLayer)                          [(None, 1)]                         0                  []                                                   
                                                                                                                                                                
 CSQ_SIFT (InputLayer)                              [(None, 1)]                         0                  []                                                   
                                                                                                                                                                
 CSQ_CLINVAR_CLNREVSTAT (InputLayer)                [(None, 1)]                         0                  []                                                   
                                                                                                                                                                
 CSQ_CLINVAR_CLNSIG (InputLayer)                    [(None, 1)]                         0                  []                                                   
                                                                                                                                                                
 most_severe_consequence (InputLayer)               [(None, 1)]                         0                  []                                                   
                                                                                                                                                                
 tf.concat_1 (TFOpLambda)                           (None, 5)                           0                  ['CSQ_PolyPhen[0][0]',                               
                                                                                                            'CSQ_SIFT[0][0]',                                   
                                                                                                            'CSQ_CLINVAR_CLNREVSTAT[0][0]',                     
                                                                                                            'CSQ_CLINVAR_CLNSIG[0][0]',                         
                                                                                                            'most_severe_consequence[0][0]']                    
                                                                                                                                                                
 tf.strings.lower (TFOpLambda)                      (None, 5)                           0                  ['tf.concat_1[0][0]']                                
                                                                                                                                                                
 lambda (Lambda)                                    (None, None, None)                  0                  ['tf.strings.lower[0][0]']                           
                                                                                                                                                                
 tf.strings.regex_full_match (TFOpLambda)           (None, None, None)                  0                  ['lambda[0][0]']                                     
                                                                                                                                                                
 tf.math.logical_not (TFOpLambda)                   (None, None, None)                  0                  ['tf.strings.regex_full_match[0][0]']                
                                                                                                                                                                
 tf.ragged.boolean_mask (TFOpLambda)                (None, None, None)                  0                  ['lambda[0][0]',                                     
                                                                                                            'tf.math.logical_not[0][0]']                        
                                                                                                                                                                
 input.bounding_shape (InstanceMethod)              (3,)                                0                  ['tf.ragged.boolean_mask[0][0]']                     
                                                                                                                                                                
 tf.__operators__.getitem (SlicingOpLambda)         ()                                  0                  ['input.bounding_shape[0][0]']                       
                                                                                                                                                                
 tf.__operators__.getitem_1 (SlicingOpLambda)       ()                                  0                  ['input.bounding_shape[0][0]']                       
                                                                                                                                                                
 tf.__operators__.getitem_2 (SlicingOpLambda)       ()                                  0                  ['input.bounding_shape[0][0]']                       
                                                                                                                                                                
 tf.math.maximum (TFOpLambda)                       ()                                  0                  ['tf.__operators__.getitem[0][0]']                   
                                                                                                                                                                
 TextVectorizationVocabulary (StringLookup)         (None, None, None)                  0                  ['tf.ragged.boolean_mask[0][0]']                     
                                                                                                                                                                
 tf.cast (TFOpLambda)                               (1,)                                0                  ['tf.__operators__.getitem_1[0][0]']                 
                                                                                                                                                                
 tf.cast_1 (TFOpLambda)                             (1,)                                0                  ['tf.__operators__.getitem_2[0][0]']                 
                                                                                                                                                                
 tf.cast_2 (TFOpLambda)                             (1,)                                0                  ['tf.math.maximum[0][0]']                            
                                                                                                                                                                
 TextVectorizationEmbeddings (Embedding)            (None, None, None, 20)              1760               ['TextVectorizationVocabulary[0][0]']                
                                                                                                                                                                
 tf.concat_2 (TFOpLambda)                           (4,)                                0                  ['tf.cast[0][0]',                                    
                                                                                                            'tf.cast_1[0][0]',                                  
                                                                                                            'tf.cast_2[0][0]']                                  
                                                                                                                                                                
 input.to_tensor (InstanceMethod)                   (None, None, None, 20)              0                  ['TextVectorizationEmbeddings[0][0]',                
                                                                                                            'tf.concat_2[0][0]']                                
                                                                                                                                                                
 CSQ_MaxEntScan_alt (InputLayer)                    [(None, 1)]                         0                  []                                                   
                                                                                                                                                                
 CSQ_MaxEntScan_diff (InputLayer)                   [(None, 1)]                         0                  []                                                   
                                                                                                                                                                
 CSQ_MES-SWA_acceptor_alt (InputLayer)              [(None, 1)]                         0                  []                                                   
                                                                                                                                                                
 CSQ_MES-SWA_donor_alt (InputLayer)                 [(None, 1)]                         0                  []                                                   
                                                                                                                                                                
 CSQ_MES-SWA_donor_diff (InputLayer)                [(None, 1)]                         0                  []                                                   
                                                                                                                                                                
 CSQ_SpliceAI_pred_DS_AL (InputLayer)               [(None, 1)]                         0                  []                                                   
                                                                                                                                                                
 CSQ_SpliceAI_pred_DS_DG (InputLayer)               [(None, 1)]                         0                  []                                                   
                                                                                                                                                                
 CSQ_SpliceAI_pred_DS_DL (InputLayer)               [(None, 1)]                         0                  []                                                   
                                                                                                                                                                
 CSQ_REVEL_score (InputLayer)                       [(None, 1)]                         0                  []                                                   
                                                                                                                                                                
 CSQ_LoFtool (InputLayer)                           [(None, 1)]                         0                  []                                                   
                                                                                                                                                                
 CSQ_GERP++_RS (InputLayer)                         [(None, 1)]                         0                  []                                                   
                                                                                                                                                                
 CSQ_phastCons100way_vertebrate (InputLayer)        [(None, 1)]                         0                  []                                                   
                                                                                                                                                                
 CSQ_phyloP100way_vertebrate (InputLayer)           [(None, 1)]                         0                  []                                                   
                                                                                                                                                                
 CADD (InputLayer)                                  [(None, 1)]                         0                  []                                                   
                                                                                                                                                                
 SWEGENAF (InputLayer)                              [(None, 1)]                         0                  []                                                   
                                                                                                                                                                
 GNOMADAF_popmax (InputLayer)                       [(None, 1)]                         0                  []                                                   
                                                                                                                                                                
 SPIDEX (InputLayer)                                [(None, 1)]                         0                  []                                                   
                                                                                                                                                                
 CSQ_SpliceAI_pred_DS_AG (InputLayer)               [(None, 1)]                         0                  []                                                   
                                                                                                                                                                
 Frq (InputLayer)                                   [(None, 1)]                         0                  []                                                   
                                                                                                                                                                
 tf.math.reduce_max (TFOpLambda)                    (None, None, 1, 20)                 0                  ['input.to_tensor[0][0]']                            
                                                                                                                                                                
 tf.concat (TFOpLambda)                             (None, 19)                          0                  ['CSQ_MaxEntScan_alt[0][0]',                         
                                                                                                            'CSQ_MaxEntScan_diff[0][0]',                        
                                                                                                            'CSQ_MES-SWA_acceptor_alt[0][0]',                   
                                                                                                            'CSQ_MES-SWA_donor_alt[0][0]',                      
                                                                                                            'CSQ_MES-SWA_donor_diff[0][0]',                     
                                                                                                            'CSQ_SpliceAI_pred_DS_AL[0][0]',                    
                                                                                                            'CSQ_SpliceAI_pred_DS_DG[0][0]',                    
                                                                                                            'CSQ_SpliceAI_pred_DS_DL[0][0]',                    
                                                                                                            'CSQ_REVEL_score[0][0]',                            
                                                                                                            'CSQ_LoFtool[0][0]',                                
                                                                                                            'CSQ_GERP++_RS[0][0]',                              
                                                                                                            'CSQ_phastCons100way_vertebrate[0][0]',             
                                                                                                            'CSQ_phyloP100way_vertebrate[0][0]',                
                                                                                                            'CADD[0][0]',                                       
                                                                                                            'SWEGENAF[0][0]',                                   
                                                                                                            'GNOMADAF_popmax[0][0]',                            
                                                                                                            'SPIDEX[0][0]',                                     
                                                                                                            'CSQ_SpliceAI_pred_DS_AG[0][0]',                    
                                                                                                            'Frq[0][0]']                                        
                                                                                                                                                                
 tf.reshape (TFOpLambda)                            (None, 100)                         0                  ['tf.math.reduce_max[0][0]']                         
                                                                                                                                                                
 NumericalNormalisation (InstanceNormalisationLayer  (None, 19)                         39                 ['tf.concat[0][0]']                                  
 )                                                                                                                                                              
                                                                                                                                                                
 dense (Dense)                                      (None, 256)                         25856              ['tf.reshape[0][0]']                                 
                                                                                                                                                                
 dense_2 (Dense)                                    (None, 256)                         5120               ['NumericalNormalisation[0][0]']                     
                                                                                                                                                                
 dense_1 (Dense)                                    (None, 192)                         49344              ['dense[0][0]']                                      
                                                                                                                                                                
 dense_3 (Dense)                                    (None, 192)                         49344              ['dense_2[0][0]']                                    
                                                                                                                                                                
 ConcatFeatures (Concatenate)                       (None, 384)                         0                  ['dense_1[0][0]',                                    
                                                                                                            'dense_3[0][0]']                                    
                                                                                                                                                                
 dense_4 (Dense)                                    (None, 128)                         49280              ['ConcatFeatures[0][0]']                             
                                                                                                                                                                
 dropout (Dropout)                                  (None, 128)                         0                  ['dense_4[0][0]']                                    
                                                                                                                                                                
 dense_5 (Dense)                                    (None, 108)                         13932              ['dropout[0][0]']                                    
                                                                                                                                                                
 dropout_1 (Dropout)                                (None, 108)                         0                  ['dense_5[0][0]']                                    
                                                                                                                                                                
 dense_6 (Dense)                                    (None, 88)                          9592               ['dropout_1[0][0]']                                  
                                                                                                                                                                
 dropout_2 (Dropout)                                (None, 88)                          0                  ['dense_6[0][0]']                                    
                                                                                                                                                                
 dense_7 (Dense)                                    (None, 68)                          6052               ['dropout_2[0][0]']                                  
                                                                                                                                                                
 dropout_3 (Dropout)                                (None, 68)                          0                  ['dense_7[0][0]']                                    
                                                                                                                                                                
 Confidences (Dense)                                (None, 1)                           69                 ['dropout_3[0][0]']                                  
                                                                                                                                                                
================================================================================================================================================================
Total params: 210,553
Trainable params: 210,349
Non-trainable params: 204
________________________________________________________________________________________________________________________________________________________________
[2025-05-09 18:58:22,994][model:model.py:L643][INFO] Hyperparameters: {'batch_size': 160, 'training_weights': 1, 'feature_dropout_ratio': 0.75, 'training_occurrence_frq_sampling': 0, 'feature_selection_regularisation': True, 'feature_selection_regularisation_penalty': 1e-05, 'embedding-dimensions': 20, 'branch_dense_0': 256, 'branch_dense_1': 192, 'dense-activation': 'relu', 'feature_multicollinearity_regularisation': True, 'feature_multicollinearity_regularisation_penalty': 1e-09, 'dense-layers': 4, 'dense-units': 128, 'dense-units-reduction': 0.16, 'dropout_rate': 0.4, 'optimizer': 'Adam', 'learning-rate': 1e-05}
2025-05-09 18:58:23.293142: I tensorflow/core/common_runtime/executor.cc:1197] [/device:CPU:0] (DEBUG INFO) Executor start aborting (this does not indicate an error and you can ignore this message): INVALID_ARGUMENT: You must feed a value for placeholder tensor 'Placeholder/_37' with dtype float
	 [[{{node Placeholder/_37}}]]
2025-05-09 18:58:23.294560: I tensorflow/core/common_runtime/executor.cc:1197] [/device:CPU:0] (DEBUG INFO) Executor start aborting (this does not indicate an error and you can ignore this message): INVALID_ARGUMENT: You must feed a value for placeholder tensor 'Placeholder/_34' with dtype float and shape [1]
	 [[{{node Placeholder/_34}}]]
Epoch 1/100
2025-05-09 18:58:41.649280: I tensorflow/core/kernels/data/shuffle_dataset_op.cc:392] Filling up shuffle buffer (this may take a while): 12937 of 500000
2025-05-09 18:58:51.648542: I tensorflow/core/kernels/data/shuffle_dataset_op.cc:392] Filling up shuffle buffer (this may take a while): 27437 of 500000
2025-05-09 18:59:01.648760: I tensorflow/core/kernels/data/shuffle_dataset_op.cc:392] Filling up shuffle buffer (this may take a while): 42179 of 500000
2025-05-09 18:59:11.648523: I tensorflow/core/kernels/data/shuffle_dataset_op.cc:392] Filling up shuffle buffer (this may take a while): 56917 of 500000
2025-05-09 18:59:21.648948: I tensorflow/core/kernels/data/shuffle_dataset_op.cc:392] Filling up shuffle buffer (this may take a while): 71973 of 500000
2025-05-09 18:59:31.648820: I tensorflow/core/kernels/data/shuffle_dataset_op.cc:392] Filling up shuffle buffer (this may take a while): 87453 of 500000
2025-05-09 18:59:41.648925: I tensorflow/core/kernels/data/shuffle_dataset_op.cc:392] Filling up shuffle buffer (this may take a while): 102551 of 500000
2025-05-09 18:59:51.648741: I tensorflow/core/kernels/data/shuffle_dataset_op.cc:392] Filling up shuffle buffer (this may take a while): 117398 of 500000
2025-05-09 19:00:01.649059: I tensorflow/core/kernels/data/shuffle_dataset_op.cc:392] Filling up shuffle buffer (this may take a while): 132580 of 500000
2025-05-09 19:00:11.648572: I tensorflow/core/kernels/data/shuffle_dataset_op.cc:392] Filling up shuffle buffer (this may take a while): 147387 of 500000
2025-05-09 19:00:21.648505: I tensorflow/core/kernels/data/shuffle_dataset_op.cc:392] Filling up shuffle buffer (this may take a while): 162934 of 500000
2025-05-09 19:00:31.648528: I tensorflow/core/kernels/data/shuffle_dataset_op.cc:392] Filling up shuffle buffer (this may take a while): 178237 of 500000
2025-05-09 19:00:41.649113: I tensorflow/core/kernels/data/shuffle_dataset_op.cc:392] Filling up shuffle buffer (this may take a while): 193303 of 500000
2025-05-09 19:00:51.648746: I tensorflow/core/kernels/data/shuffle_dataset_op.cc:392] Filling up shuffle buffer (this may take a while): 208542 of 500000
2025-05-09 19:01:01.649009: I tensorflow/core/kernels/data/shuffle_dataset_op.cc:392] Filling up shuffle buffer (this may take a while): 223656 of 500000
2025-05-09 19:01:11.649091: I tensorflow/core/kernels/data/shuffle_dataset_op.cc:392] Filling up shuffle buffer (this may take a while): 238729 of 500000
2025-05-09 19:01:21.648715: I tensorflow/core/kernels/data/shuffle_dataset_op.cc:392] Filling up shuffle buffer (this may take a while): 254157 of 500000
2025-05-09 19:01:31.649022: I tensorflow/core/kernels/data/shuffle_dataset_op.cc:392] Filling up shuffle buffer (this may take a while): 269273 of 500000
2025-05-09 19:01:41.648551: I tensorflow/core/kernels/data/shuffle_dataset_op.cc:392] Filling up shuffle buffer (this may take a while): 284502 of 500000
2025-05-09 19:01:51.648626: I tensorflow/core/kernels/data/shuffle_dataset_op.cc:392] Filling up shuffle buffer (this may take a while): 299656 of 500000
2025-05-09 19:02:01.648636: I tensorflow/core/kernels/data/shuffle_dataset_op.cc:392] Filling up shuffle buffer (this may take a while): 314833 of 500000
2025-05-09 19:02:11.648769: I tensorflow/core/kernels/data/shuffle_dataset_op.cc:392] Filling up shuffle buffer (this may take a while): 329440 of 500000
2025-05-09 19:02:21.648807: I tensorflow/core/kernels/data/shuffle_dataset_op.cc:392] Filling up shuffle buffer (this may take a while): 344390 of 500000
2025-05-09 19:02:31.648897: I tensorflow/core/kernels/data/shuffle_dataset_op.cc:392] Filling up shuffle buffer (this may take a while): 359436 of 500000
2025-05-09 19:02:41.648523: I tensorflow/core/kernels/data/shuffle_dataset_op.cc:392] Filling up shuffle buffer (this may take a while): 374503 of 500000
2025-05-09 19:02:51.648692: I tensorflow/core/kernels/data/shuffle_dataset_op.cc:392] Filling up shuffle buffer (this may take a while): 389569 of 500000
2025-05-09 19:03:01.648959: I tensorflow/core/kernels/data/shuffle_dataset_op.cc:392] Filling up shuffle buffer (this may take a while): 404739 of 500000
2025-05-09 19:03:11.648778: I tensorflow/core/kernels/data/shuffle_dataset_op.cc:392] Filling up shuffle buffer (this may take a while): 419650 of 500000
2025-05-09 19:03:21.648916: I tensorflow/core/kernels/data/shuffle_dataset_op.cc:392] Filling up shuffle buffer (this may take a while): 435007 of 500000
2025-05-09 19:03:31.648509: I tensorflow/core/kernels/data/shuffle_dataset_op.cc:392] Filling up shuffle buffer (this may take a while): 450199 of 500000
2025-05-09 19:03:41.649014: I tensorflow/core/kernels/data/shuffle_dataset_op.cc:392] Filling up shuffle buffer (this may take a while): 465467 of 500000
2025-05-09 19:03:51.648583: I tensorflow/core/kernels/data/shuffle_dataset_op.cc:392] Filling up shuffle buffer (this may take a while): 480628 of 500000
2025-05-09 19:04:01.648994: I tensorflow/core/kernels/data/shuffle_dataset_op.cc:392] Filling up shuffle buffer (this may take a while): 495959 of 500000
2025-05-09 19:04:04.263924: I tensorflow/core/kernels/data/shuffle_dataset_op.cc:417] Shuffle buffer filled.
2025-05-09 19:04:10.287180: I tensorflow/compiler/xla/service/service.cc:169] XLA service 0x7fd5bf93e300 initialized for platform CUDA (this does not guarantee that XLA will be used). Devices:
2025-05-09 19:04:10.287310: I tensorflow/compiler/xla/service/service.cc:177]   StreamExecutor device (0): Tesla V100-PCIE-32GB, Compute Capability 7.0
2025-05-09 19:04:10.553941: I tensorflow/compiler/mlir/tensorflow/utils/dump_mlir_util.cc:269] disabling MLIR crash reproducer, set env var `MLIR_CRASH_REPRODUCER_DIRECTORY` to enable.
2025-05-09 19:04:11.492535: I tensorflow/compiler/xla/stream_executor/cuda/cuda_dnn.cc:424] Loaded cuDNN version 8600
2025-05-09 19:04:11.800803: I tensorflow/tsl/platform/default/subprocess.cc:304] Start cannot spawn child process: No such file or directory
2025-05-09 19:04:12.169544: I ./tensorflow/compiler/jit/device_compiler.h:180] Compiled cluster using XLA!  This line is logged at most once for the lifetime of the process.
2025-05-09 20:53:19.555529: I tensorflow/core/common_runtime/executor.cc:1197] [/device:CPU:0] (DEBUG INFO) Executor start aborting (this does not indicate an error and you can ignore this message): INVALID_ARGUMENT: You must feed a value for placeholder tensor 'Placeholder/_0' with dtype int32
	 [[{{node Placeholder/_0}}]]
2025-05-09 20:53:19.589575: I tensorflow/core/common_runtime/executor.cc:1197] [/device:CPU:0] (DEBUG INFO) Executor start aborting (this does not indicate an error and you can ignore this message): INVALID_ARGUMENT: You must feed a value for placeholder tensor 'Placeholder/_0' with dtype int32
	 [[{{node Placeholder/_0}}]]
2025-05-09 20:53:33.269434: I tensorflow/core/kernels/data/shuffle_dataset_op.cc:392] Filling up shuffle buffer (this may take a while): 36173 of 500000
2025-05-09 20:53:43.269576: I tensorflow/core/kernels/data/shuffle_dataset_op.cc:392] Filling up shuffle buffer (this may take a while): 71713 of 500000
2025-05-09 20:53:53.269481: I tensorflow/core/kernels/data/shuffle_dataset_op.cc:392] Filling up shuffle buffer (this may take a while): 106621 of 500000
2025-05-09 20:54:03.269698: I tensorflow/core/kernels/data/shuffle_dataset_op.cc:392] Filling up shuffle buffer (this may take a while): 141491 of 500000
2025-05-09 20:54:13.269463: I tensorflow/core/kernels/data/shuffle_dataset_op.cc:392] Filling up shuffle buffer (this may take a while): 175934 of 500000
2025-05-09 20:54:23.269468: I tensorflow/core/kernels/data/shuffle_dataset_op.cc:392] Filling up shuffle buffer (this may take a while): 210650 of 500000
2025-05-09 20:54:33.269444: I tensorflow/core/kernels/data/shuffle_dataset_op.cc:392] Filling up shuffle buffer (this may take a while): 245170 of 500000
2025-05-09 20:54:43.269549: I tensorflow/core/kernels/data/shuffle_dataset_op.cc:392] Filling up shuffle buffer (this may take a while): 279981 of 500000
2025-05-09 20:54:53.269555: I tensorflow/core/kernels/data/shuffle_dataset_op.cc:392] Filling up shuffle buffer (this may take a while): 314707 of 500000
2025-05-09 20:55:03.269402: I tensorflow/core/kernels/data/shuffle_dataset_op.cc:392] Filling up shuffle buffer (this may take a while): 349014 of 500000
2025-05-09 20:55:13.269427: I tensorflow/core/kernels/data/shuffle_dataset_op.cc:392] Filling up shuffle buffer (this may take a while): 383666 of 500000
2025-05-09 20:55:23.269497: I tensorflow/core/kernels/data/shuffle_dataset_op.cc:392] Filling up shuffle buffer (this may take a while): 417016 of 500000
2025-05-09 20:55:33.269490: I tensorflow/core/kernels/data/shuffle_dataset_op.cc:392] Filling up shuffle buffer (this may take a while): 448634 of 500000
2025-05-09 20:55:43.269521: I tensorflow/core/kernels/data/shuffle_dataset_op.cc:392] Filling up shuffle buffer (this may take a while): 481366 of 500000
2025-05-09 20:55:48.770639: I tensorflow/core/kernels/data/shuffle_dataset_op.cc:417] Shuffle buffer filled.
[2025-05-09 21:11:22,791][model:model.py:L385][INFO] 0
[2025-05-09 21:11:22,792][model:model.py:L388][INFO] Saving model to /rdds/tmp/variant-rank-score/models/20250509-185018/saved-models/0-0.0055.keras
35131/35131 - 7980s - loss: 0.7155 - true_positives: 187706.0000 - true_negatives: 5400407.0000 - false_positives: 9011.0000 - false_negatives: 23836.0000 - binary_accuracy: 0.9942 - auc: 0.9935 - precision: 0.9542 - recall: 0.8873 - MCC: 0.9172 - F1: 0.9195 - missense_variantF1: 0.8469 - missense_variantF1Count: 155138.0000 - downstream_gene_variantF1: 0.9138 - downstream_gene_variantF1Count: 375764.0000 - upstream_gene_variantF1: 0.9085 - upstream_gene_variantF1Count: 356925.0000 - intron_variantF1: 0.8733 - intron_variantF1Count: 2015254.0000 - non_coding_transcript_exon_variantF1: 0.7598 - non_coding_transcript_exon_variantF1Count: 260801.0000 - splice_donor_variantF1: 0.9603 - splice_donor_variantF1Count: 16092.0000 - splice_donor_region_variantF1: 0.8121 - splice_donor_region_variantF1Count: 3773.0000 - splice_region_variantF1: 0.7353 - splice_region_variantF1Count: 58140.0000 - 5_prime_UTR_variantF1: 0.7881 - 5_prime_UTR_variantF1Count: 15816.0000 - splice_polypyrimidine_tract_variantF1: 0.5501 - splice_polypyrimidine_tract_variantF1Count: 51023.0000 - 3_prime_UTR_variantF1: 0.8856 - 3_prime_UTR_variantF1Count: 51840.0000 - synonymous_variantF1: 0.2688 - synonymous_variantF1Count: 216363.0000 - frameshift_variantF1: 0.9520 - frameshift_variantF1Count: 79058.0000 - stop_gainedF1: 0.9627 - stop_gainedF1Count: 47304.0000 - splice_acceptor_variantF1: 0.9507 - splice_acceptor_variantF1Count: 13991.0000 - splice_donor_5th_base_variantF1: 0.8891 - splice_donor_5th_base_variantF1Count: 1938.0000 - stop_lostF1: 0.7627 - stop_lostF1Count: 541.0000 - protein_altering_variantF1: 0.5000 - protein_altering_variantF1Count: 225.0000 - inframe_insertionF1: 0.6989 - inframe_insertionF1Count: 1666.0000 - inframe_deletionF1: 0.8450 - inframe_deletionF1Count: 3748.0000 - transcript_ablationF1: 0.7643 - transcript_ablationF1Count: 99.0000 - start_lostF1: 0.8885 - start_lostF1Count: 1549.0000 - stop_retained_variantF1: 0.0000e+00 - stop_retained_variantF1Count: 123.0000 - coding_sequence_variantF1: 0.0938 - coding_sequence_variantF1Count: 69.0000 - mature_miRNA_variantF1: 0.0000e+00 - mature_miRNA_variantF1Count: 19.0000 - incomplete_terminal_codon_variantF1: 0.0000e+00 - incomplete_terminal_codon_variantF1Count: 26.0000 - RareVariantF1Gnomad: 0.6880 - RareVariantF1GnomadCount: 168084.0000 - CommonVariantF1Gnomad: 0.2013 - CommonVariantF1GnomadCount: 3990179.0000 - RareVariantF1Frq: 0.6419 - RareVariantF1FrqCount: 253739.0000 - CommonVariantF1Frq: 0.1248 - CommonVariantF1FrqCount: 4060652.0000 - ClinvarPathogenicF1: 0.9546 - ClinvarPathogenicF1Count: 43958.0000 - ClinvarBenignF1: 0.0000e+00 - ClinvarBenignF1Count: 612370.0000 - RareVariantWithoutClinvarSupportF1: 0.6724 - RareVariantWithoutClinvarSupportF1Count: 95922.0000 - val_loss: 0.0055 - val_true_positives: 562.0000 - val_true_negatives: 1872285.0000 - val_false_positives: 838.0000 - val_false_negatives: 75.0000 - val_binary_accuracy: 0.9995 - val_auc: 0.9935 - val_precision: 0.4014 - val_recall: 0.8823 - val_MCC: 0.5949 - val_F1: 0.5518 - val_missense_variantF1: 0.5903 - val_missense_variantF1Count: 5512.0000 - val_downstream_gene_variantF1: 0.5364 - val_downstream_gene_variantF1Count: 110940.0000 - val_upstream_gene_variantF1: 0.4156 - val_upstream_gene_variantF1Count: 111077.0000 - val_intron_variantF1: 0.3910 - val_intron_variantF1Count: 733098.0000 - val_non_coding_transcript_exon_variantF1: 0.2857 - val_non_coding_transcript_exon_variantF1Count: 22271.0000 - val_splice_donor_variantF1: 0.6292 - val_splice_donor_variantF1Count: 129.0000 - val_splice_donor_region_variantF1: 0.7500 - val_splice_donor_region_variantF1Count: 178.0000 - val_splice_region_variantF1: 0.3636 - val_splice_region_variantF1Count: 1058.0000 - val_5_prime_UTR_variantF1: 0.5000 - val_5_prime_UTR_variantF1Count: 3292.0000 - val_splice_polypyrimidine_tract_variantF1: 0.2500 - val_splice_polypyrimidine_tract_variantF1Count: 932.0000 - val_3_prime_UTR_variantF1: 0.1818 - val_3_prime_UTR_variantF1Count: 13096.0000 - val_synonymous_variantF1: 0.0000e+00 - val_synonymous_variantF1Count: 2305.0000 - val_frameshift_variantF1: 0.5154 - val_frameshift_variantF1Count: 435.0000 - val_stop_gainedF1: 0.6103 - val_stop_gainedF1Count: 156.0000 - val_splice_acceptor_variantF1: 0.4176 - val_splice_acceptor_variantF1Count: 100.0000 - val_splice_donor_5th_base_variantF1: 0.4286 - val_splice_donor_5th_base_variantF1Count: 73.0000 - val_stop_lostF1: 0.0000e+00 - val_stop_lostF1Count: 11.0000 - val_protein_altering_variantF1: 0.2857 - val_protein_altering_variantF1Count: 8.0000 - val_inframe_insertionF1: 0.5000 - val_inframe_insertionF1Count: 71.0000 - val_inframe_deletionF1: 0.5238 - val_inframe_deletionF1Count: 81.0000 - val_transcript_ablationF1: 0.0000e+00 - val_transcript_ablationF1Count: 0.0000e+00 - val_start_lostF1: 0.6667 - val_start_lostF1Count: 19.0000 - val_stop_retained_variantF1: 0.0000e+00 - val_stop_retained_variantF1Count: 8.0000 - val_coding_sequence_variantF1: 0.0000e+00 - val_coding_sequence_variantF1Count: 1.0000 - val_mature_miRNA_variantF1: 0.0000e+00 - val_mature_miRNA_variantF1Count: 7.0000 - val_incomplete_terminal_codon_variantF1: 0.0000e+00 - val_incomplete_terminal_codon_variantF1Count: 1.0000 - val_RareVariantF1Gnomad: 0.4262 - val_RareVariantF1GnomadCount: 27639.0000 - val_CommonVariantF1Gnomad: 0.0159 - val_CommonVariantF1GnomadCount: 1514023.0000 - val_RareVariantF1Frq: 0.9018 - val_RareVariantF1FrqCount: 60325.0000 - val_CommonVariantF1Frq: 0.0376 - val_CommonVariantF1FrqCount: 1560972.0000 - val_ClinvarPathogenicF1: 0.0000e+00 - val_ClinvarPathogenicF1Count: 0.0000e+00 - val_ClinvarBenignF1: 0.0000e+00 - val_ClinvarBenignF1Count: 0.0000e+00 - val_RareVariantWithoutClinvarSupportF1: 0.4262 - val_RareVariantWithoutClinvarSupportF1Count: 27639.0000 - 7980s/epoch - 227ms/step
Epoch 2/100
2025-05-09 22:31:01.569310: I tensorflow/core/kernels/data/shuffle_dataset_op.cc:392] Filling up shuffle buffer (this may take a while): 351152 of 500000
2025-05-09 22:31:02.802381: I tensorflow/core/kernels/data/shuffle_dataset_op.cc:417] Shuffle buffer filled.
[2025-05-09 22:35:53,170][model:model.py:L385][INFO] 1
[2025-05-09 22:35:53,185][model:model.py:L388][INFO] Saving model to /rdds/tmp/variant-rank-score/models/20250509-185018/saved-models/1-0.0050.keras
35131/35131 - 5070s - loss: 0.3024 - true_positives: 210742.0000 - true_negatives: 5396464.0000 - false_positives: 6625.0000 - false_negatives: 7129.0000 - binary_accuracy: 0.9976 - auc: 0.9978 - precision: 0.9695 - recall: 0.9673 - MCC: 0.9671 - F1: 0.9684 - missense_variantF1: 0.9174 - missense_variantF1Count: 157840.0000 - downstream_gene_variantF1: 0.9628 - downstream_gene_variantF1Count: 376886.0000 - upstream_gene_variantF1: 0.9593 - upstream_gene_variantF1Count: 358492.0000 - intron_variantF1: 0.9456 - intron_variantF1Count: 2009366.0000 - non_coding_transcript_exon_variantF1: 0.8506 - non_coding_transcript_exon_variantF1Count: 264656.0000 - splice_donor_variantF1: 0.9919 - splice_donor_variantF1Count: 16601.0000 - splice_donor_region_variantF1: 0.8947 - splice_donor_region_variantF1Count: 3824.0000 - splice_region_variantF1: 0.8432 - splice_region_variantF1Count: 58786.0000 - 5_prime_UTR_variantF1: 0.8439 - 5_prime_UTR_variantF1Count: 16089.0000 - splice_polypyrimidine_tract_variantF1: 0.7051 - splice_polypyrimidine_tract_variantF1Count: 51602.0000 - 3_prime_UTR_variantF1: 0.9479 - 3_prime_UTR_variantF1Count: 52077.0000 - synonymous_variantF1: 0.4176 - synonymous_variantF1Count: 218038.0000 - frameshift_variantF1: 0.9932 - frameshift_variantF1Count: 81477.0000 - stop_gainedF1: 0.9940 - stop_gainedF1Count: 48615.0000 - splice_acceptor_variantF1: 0.9912 - splice_acceptor_variantF1Count: 14386.0000 - splice_donor_5th_base_variantF1: 0.9572 - splice_donor_5th_base_variantF1Count: 1990.0000 - stop_lostF1: 0.8479 - stop_lostF1Count: 564.0000 - protein_altering_variantF1: 0.8754 - protein_altering_variantF1Count: 239.0000 - inframe_insertionF1: 0.8150 - inframe_insertionF1Count: 1722.0000 - inframe_deletionF1: 0.9198 - inframe_deletionF1Count: 3944.0000 - transcript_ablationF1: 0.9444 - transcript_ablationF1Count: 97.0000 - start_lostF1: 0.9678 - start_lostF1Count: 1573.0000 - stop_retained_variantF1: 0.0000e+00 - stop_retained_variantF1Count: 132.0000 - coding_sequence_variantF1: 0.4750 - coding_sequence_variantF1Count: 69.0000 - mature_miRNA_variantF1: 0.0000e+00 - mature_miRNA_variantF1Count: 9.0000 - incomplete_terminal_codon_variantF1: 0.0000e+00 - incomplete_terminal_codon_variantF1Count: 28.0000 - RareVariantF1Gnomad: 0.7594 - RareVariantF1GnomadCount: 168783.0000 - CommonVariantF1Gnomad: 0.3382 - CommonVariantF1GnomadCount: 3976936.0000 - RareVariantF1Frq: 0.7397 - RareVariantF1FrqCount: 254625.0000 - CommonVariantF1Frq: 0.2421 - CommonVariantF1FrqCount: 4046688.0000 - ClinvarPathogenicF1: 0.9986 - ClinvarPathogenicF1Count: 45928.0000 - ClinvarBenignF1: 0.0000e+00 - ClinvarBenignF1Count: 621058.0000 - RareVariantWithoutClinvarSupportF1: 0.7130 - RareVariantWithoutClinvarSupportF1Count: 95532.0000 - val_loss: 0.0050 - val_true_positives: 510.0000 - val_true_negatives: 1872632.0000 - val_false_positives: 521.0000 - val_false_negatives: 97.0000 - val_binary_accuracy: 0.9997 - val_auc: 0.9957 - val_precision: 0.4947 - val_recall: 0.8402 - val_MCC: 0.6445 - val_F1: 0.6227 - val_missense_variantF1: 0.6913 - val_missense_variantF1Count: 5496.0000 - val_downstream_gene_variantF1: 0.5765 - val_downstream_gene_variantF1Count: 110987.0000 - val_upstream_gene_variantF1: 0.4468 - val_upstream_gene_variantF1Count: 111164.0000 - val_intron_variantF1: 0.4771 - val_intron_variantF1Count: 733243.0000 - val_non_coding_transcript_exon_variantF1: 0.4000 - val_non_coding_transcript_exon_variantF1Count: 22388.0000 - val_splice_donor_variantF1: 0.7027 - val_splice_donor_variantF1Count: 125.0000 - val_splice_donor_region_variantF1: 0.7273 - val_splice_donor_region_variantF1Count: 168.0000 - val_splice_region_variantF1: 0.5000 - val_splice_region_variantF1Count: 1076.0000 - val_5_prime_UTR_variantF1: 0.5000 - val_5_prime_UTR_variantF1Count: 3365.0000 - val_splice_polypyrimidine_tract_variantF1: 0.2857 - val_splice_polypyrimidine_tract_variantF1Count: 936.0000 - val_3_prime_UTR_variantF1: 0.2857 - val_3_prime_UTR_variantF1Count: 13065.0000 - val_synonymous_variantF1: 0.0000e+00 - val_synonymous_variantF1Count: 2270.0000 - val_frameshift_variantF1: 0.5551 - val_frameshift_variantF1Count: 426.0000 - val_stop_gainedF1: 0.6601 - val_stop_gainedF1Count: 158.0000 - val_splice_acceptor_variantF1: 0.6087 - val_splice_acceptor_variantF1Count: 101.0000 - val_splice_donor_5th_base_variantF1: 0.7500 - val_splice_donor_5th_base_variantF1Count: 72.0000 - val_stop_lostF1: 0.0000e+00 - val_stop_lostF1Count: 13.0000 - val_protein_altering_variantF1: 0.3636 - val_protein_altering_variantF1Count: 10.0000 - val_inframe_insertionF1: 0.4444 - val_inframe_insertionF1Count: 70.0000 - val_inframe_deletionF1: 0.5161 - val_inframe_deletionF1Count: 78.0000 - val_transcript_ablationF1: 0.0000e+00 - val_transcript_ablationF1Count: 0.0000e+00 - val_start_lostF1: 0.5455 - val_start_lostF1Count: 18.0000 - val_stop_retained_variantF1: 0.0000e+00 - val_stop_retained_variantF1Count: 8.0000 - val_coding_sequence_variantF1: 0.0000e+00 - val_coding_sequence_variantF1Count: 2.0000 - val_mature_miRNA_variantF1: 0.0000e+00 - val_mature_miRNA_variantF1Count: 6.0000 - val_incomplete_terminal_codon_variantF1: 0.0000e+00 - val_incomplete_terminal_codon_variantF1Count: 1.0000 - val_RareVariantF1Gnomad: 0.3636 - val_RareVariantF1GnomadCount: 27688.0000 - val_CommonVariantF1Gnomad: 0.0422 - val_CommonVariantF1GnomadCount: 1514174.0000 - val_RareVariantF1Frq: 0.8800 - val_RareVariantF1FrqCount: 60219.0000 - val_CommonVariantF1Frq: 0.0553 - val_CommonVariantF1FrqCount: 1561332.0000 - val_ClinvarPathogenicF1: 0.0000e+00 - val_ClinvarPathogenicF1Count: 0.0000e+00 - val_ClinvarBenignF1: 0.0000e+00 - val_ClinvarBenignF1Count: 0.0000e+00 - val_RareVariantWithoutClinvarSupportF1: 0.3636 - val_RareVariantWithoutClinvarSupportF1Count: 27688.0000 - 5070s/epoch - 144ms/step
Epoch 3/100
2025-05-09 23:56:36.370216: I tensorflow/core/kernels/data/shuffle_dataset_op.cc:392] Filling up shuffle buffer (this may take a while): 248093 of 500000
2025-05-09 23:56:38.828488: I tensorflow/core/kernels/data/shuffle_dataset_op.cc:417] Shuffle buffer filled.
[2025-05-10 00:01:46,759][model:model.py:L385][INFO] 2
[2025-05-10 00:01:46,759][model:model.py:L388][INFO] Saving model to /rdds/tmp/variant-rank-score/models/20250509-185018/saved-models/2-0.0050.keras
35131/35131 - 5154s - loss: 0.2558 - true_positives: 212397.0000 - true_negatives: 5397293.0000 - false_positives: 5521.0000 - false_negatives: 5749.0000 - binary_accuracy: 0.9980 - auc: 0.9982 - precision: 0.9747 - recall: 0.9736 - MCC: 0.9731 - F1: 0.9742 - missense_variantF1: 0.9319 - missense_variantF1Count: 158598.0000 - downstream_gene_variantF1: 0.9707 - downstream_gene_variantF1Count: 376512.0000 - upstream_gene_variantF1: 0.9666 - upstream_gene_variantF1Count: 358330.0000 - intron_variantF1: 0.9569 - intron_variantF1Count: 2009416.0000 - non_coding_transcript_exon_variantF1: 0.8567 - non_coding_transcript_exon_variantF1Count: 264360.0000 - splice_donor_variantF1: 0.9941 - splice_donor_variantF1Count: 16520.0000 - splice_donor_region_variantF1: 0.9320 - splice_donor_region_variantF1Count: 3816.0000 - splice_region_variantF1: 0.8663 - splice_region_variantF1Count: 58789.0000 - 5_prime_UTR_variantF1: 0.8580 - 5_prime_UTR_variantF1Count: 16053.0000 - splice_polypyrimidine_tract_variantF1: 0.7966 - splice_polypyrimidine_tract_variantF1Count: 51651.0000 - 3_prime_UTR_variantF1: 0.9551 - 3_prime_UTR_variantF1Count: 52108.0000 - synonymous_variantF1: 0.5909 - synonymous_variantF1Count: 217986.0000 - frameshift_variantF1: 0.9947 - frameshift_variantF1Count: 81628.0000 - stop_gainedF1: 0.9957 - stop_gainedF1Count: 48504.0000 - splice_acceptor_variantF1: 0.9942 - splice_acceptor_variantF1Count: 14398.0000 - splice_donor_5th_base_variantF1: 0.9769 - splice_donor_5th_base_variantF1Count: 2020.0000 - stop_lostF1: 0.8818 - stop_lostF1Count: 567.0000 - protein_altering_variantF1: 0.9383 - protein_altering_variantF1Count: 230.0000 - inframe_insertionF1: 0.8452 - inframe_insertionF1Count: 1729.0000 - inframe_deletionF1: 0.9317 - inframe_deletionF1Count: 3896.0000 - transcript_ablationF1: 0.9892 - transcript_ablationF1Count: 96.0000 - start_lostF1: 0.9756 - start_lostF1Count: 1583.0000 - stop_retained_variantF1: 0.0000e+00 - stop_retained_variantF1Count: 130.0000 - coding_sequence_variantF1: 0.6374 - coding_sequence_variantF1Count: 70.0000 - mature_miRNA_variantF1: 0.0000e+00 - mature_miRNA_variantF1Count: 19.0000 - incomplete_terminal_codon_variantF1: 0.0000e+00 - incomplete_terminal_codon_variantF1Count: 27.0000 - RareVariantF1Gnomad: 0.7989 - RareVariantF1GnomadCount: 168856.0000 - CommonVariantF1Gnomad: 0.4245 - CommonVariantF1GnomadCount: 3976689.0000 - RareVariantF1Frq: 0.7645 - RareVariantF1FrqCount: 254485.0000 - CommonVariantF1Frq: 0.3836 - CommonVariantF1FrqCount: 4045981.0000 - ClinvarPathogenicF1: 0.9991 - ClinvarPathogenicF1Count: 45454.0000 - ClinvarBenignF1: 0.0000e+00 - ClinvarBenignF1Count: 621326.0000 - RareVariantWithoutClinvarSupportF1: 0.7605 - RareVariantWithoutClinvarSupportF1Count: 95577.0000 - val_loss: 0.0050 - val_true_positives: 524.0000 - val_true_negatives: 1872707.0000 - val_false_positives: 444.0000 - val_false_negatives: 85.0000 - val_binary_accuracy: 0.9997 - val_auc: 0.9949 - val_precision: 0.5413 - val_recall: 0.8604 - val_MCC: 0.6823 - val_F1: 0.6646 - val_missense_variantF1: 0.7581 - val_missense_variantF1Count: 5483.0000 - val_downstream_gene_variantF1: 0.6328 - val_downstream_gene_variantF1Count: 111014.0000 - val_upstream_gene_variantF1: 0.4969 - val_upstream_gene_variantF1Count: 111019.0000 - val_intron_variantF1: 0.5051 - val_intron_variantF1Count: 733274.0000 - val_non_coding_transcript_exon_variantF1: 0.5000 - val_non_coding_transcript_exon_variantF1Count: 22295.0000 - val_splice_donor_variantF1: 0.7273 - val_splice_donor_variantF1Count: 117.0000 - val_splice_donor_region_variantF1: 0.6154 - val_splice_donor_region_variantF1Count: 178.0000 - val_splice_region_variantF1: 0.6154 - val_splice_region_variantF1Count: 1071.0000 - val_5_prime_UTR_variantF1: 0.6667 - val_5_prime_UTR_variantF1Count: 3343.0000 - val_splice_polypyrimidine_tract_variantF1: 0.6667 - val_splice_polypyrimidine_tract_variantF1Count: 928.0000 - val_3_prime_UTR_variantF1: 0.0000e+00 - val_3_prime_UTR_variantF1Count: 12961.0000 - val_synonymous_variantF1: 0.0000e+00 - val_synonymous_variantF1Count: 2270.0000 - val_frameshift_variantF1: 0.5980 - val_frameshift_variantF1Count: 424.0000 - val_stop_gainedF1: 0.6559 - val_stop_gainedF1Count: 145.0000 - val_splice_acceptor_variantF1: 0.6571 - val_splice_acceptor_variantF1Count: 114.0000 - val_splice_donor_5th_base_variantF1: 0.7692 - val_splice_donor_5th_base_variantF1Count: 65.0000 - val_stop_lostF1: 0.0000e+00 - val_stop_lostF1Count: 12.0000 - val_protein_altering_variantF1: 0.4444 - val_protein_altering_variantF1Count: 8.0000 - val_inframe_insertionF1: 0.2105 - val_inframe_insertionF1Count: 74.0000 - val_inframe_deletionF1: 0.5000 - val_inframe_deletionF1Count: 85.0000 - val_transcript_ablationF1: 0.0000e+00 - val_transcript_ablationF1Count: 0.0000e+00 - val_start_lostF1: 0.6667 - val_start_lostF1Count: 24.0000 - val_stop_retained_variantF1: 0.0000e+00 - val_stop_retained_variantF1Count: 7.0000 - val_coding_sequence_variantF1: 0.0000e+00 - val_coding_sequence_variantF1Count: 2.0000 - val_mature_miRNA_variantF1: 0.0000e+00 - val_mature_miRNA_variantF1Count: 4.0000 - val_incomplete_terminal_codon_variantF1: 0.0000e+00 - val_incomplete_terminal_codon_variantF1Count: 1.0000 - val_RareVariantF1Gnomad: 0.3600 - val_RareVariantF1GnomadCount: 27641.0000 - val_CommonVariantF1Gnomad: 0.0248 - val_CommonVariantF1GnomadCount: 1514079.0000 - val_RareVariantF1Frq: 0.8921 - val_RareVariantF1FrqCount: 60478.0000 - val_CommonVariantF1Frq: 0.0886 - val_CommonVariantF1FrqCount: 1560991.0000 - val_ClinvarPathogenicF1: 0.0000e+00 - val_ClinvarPathogenicF1Count: 0.0000e+00 - val_ClinvarBenignF1: 0.0000e+00 - val_ClinvarBenignF1Count: 0.0000e+00 - val_RareVariantWithoutClinvarSupportF1: 0.3600 - val_RareVariantWithoutClinvarSupportF1Count: 27641.0000 - 5154s/epoch - 147ms/step
Epoch 4/100
2025-05-10 01:21:38.519859: I tensorflow/core/kernels/data/shuffle_dataset_op.cc:392] Filling up shuffle buffer (this may take a while): 234578 of 500000
2025-05-10 01:21:41.336800: I tensorflow/core/kernels/data/shuffle_dataset_op.cc:417] Shuffle buffer filled.
[2025-05-10 01:26:22,423][model:model.py:L385][INFO] 3
[2025-05-10 01:26:22,434][model:model.py:L388][INFO] Saving model to /rdds/tmp/variant-rank-score/models/20250509-185018/saved-models/3-0.0050.keras
35131/35131 - 5075s - loss: 0.2386 - true_positives: 212741.0000 - true_negatives: 5397767.0000 - false_positives: 5030.0000 - false_negatives: 5422.0000 - binary_accuracy: 0.9981 - auc: 0.9984 - precision: 0.9769 - recall: 0.9751 - MCC: 0.9751 - F1: 0.9760 - missense_variantF1: 0.9367 - missense_variantF1Count: 158213.0000 - downstream_gene_variantF1: 0.9718 - downstream_gene_variantF1Count: 376541.0000 - upstream_gene_variantF1: 0.9679 - upstream_gene_variantF1Count: 358828.0000 - intron_variantF1: 0.9594 - intron_variantF1Count: 2008944.0000 - non_coding_transcript_exon_variantF1: 0.8659 - non_coding_transcript_exon_variantF1Count: 264820.0000 - splice_donor_variantF1: 0.9960 - splice_donor_variantF1Count: 16642.0000 - splice_donor_region_variantF1: 0.9223 - splice_donor_region_variantF1Count: 3833.0000 - splice_region_variantF1: 0.8881 - splice_region_variantF1Count: 58701.0000 - 5_prime_UTR_variantF1: 0.8543 - 5_prime_UTR_variantF1Count: 16068.0000 - splice_polypyrimidine_tract_variantF1: 0.7851 - splice_polypyrimidine_tract_variantF1Count: 51529.0000 - 3_prime_UTR_variantF1: 0.9568 - 3_prime_UTR_variantF1Count: 52174.0000 - synonymous_variantF1: 0.5789 - synonymous_variantF1Count: 217994.0000 - frameshift_variantF1: 0.9950 - frameshift_variantF1Count: 81636.0000 - stop_gainedF1: 0.9961 - stop_gainedF1Count: 48476.0000 - splice_acceptor_variantF1: 0.9955 - splice_acceptor_variantF1Count: 14437.0000 - splice_donor_5th_base_variantF1: 0.9665 - splice_donor_5th_base_variantF1Count: 2003.0000 - stop_lostF1: 0.8864 - stop_lostF1Count: 571.0000 - protein_altering_variantF1: 0.9563 - protein_altering_variantF1Count: 239.0000 - inframe_insertionF1: 0.8391 - inframe_insertionF1Count: 1720.0000 - inframe_deletionF1: 0.9333 - inframe_deletionF1Count: 3936.0000 - transcript_ablationF1: 1.0000 - transcript_ablationF1Count: 108.0000 - start_lostF1: 0.9795 - start_lostF1Count: 1564.0000 - stop_retained_variantF1: 0.0000e+00 - stop_retained_variantF1Count: 126.0000 - coding_sequence_variantF1: 0.8679 - coding_sequence_variantF1Count: 68.0000 - mature_miRNA_variantF1: 0.0000e+00 - mature_miRNA_variantF1Count: 13.0000 - incomplete_terminal_codon_variantF1: 0.0000e+00 - incomplete_terminal_codon_variantF1Count: 26.0000 - RareVariantF1Gnomad: 0.8019 - RareVariantF1GnomadCount: 168771.0000 - CommonVariantF1Gnomad: 0.4469 - CommonVariantF1GnomadCount: 3976845.0000 - RareVariantF1Frq: 0.7902 - RareVariantF1FrqCount: 254766.0000 - CommonVariantF1Frq: 0.3990 - CommonVariantF1FrqCount: 4046346.0000 - ClinvarPathogenicF1: 0.9992 - ClinvarPathogenicF1Count: 45472.0000 - ClinvarBenignF1: 0.0000e+00 - ClinvarBenignF1Count: 621050.0000 - RareVariantWithoutClinvarSupportF1: 0.7558 - RareVariantWithoutClinvarSupportF1Count: 95628.0000 - val_loss: 0.0050 - val_true_positives: 528.0000 - val_true_negatives: 1872733.0000 - val_false_positives: 407.0000 - val_false_negatives: 92.0000 - val_binary_accuracy: 0.9997 - val_auc: 0.9958 - val_precision: 0.5647 - val_recall: 0.8516 - val_MCC: 0.6934 - val_F1: 0.6791 - val_missense_variantF1: 0.7643 - val_missense_variantF1Count: 5454.0000 - val_downstream_gene_variantF1: 0.6627 - val_downstream_gene_variantF1Count: 111066.0000 - val_upstream_gene_variantF1: 0.5412 - val_upstream_gene_variantF1Count: 110805.0000 - val_intron_variantF1: 0.4954 - val_intron_variantF1Count: 733386.0000 - val_non_coding_transcript_exon_variantF1: 0.5000 - val_non_coding_transcript_exon_variantF1Count: 22249.0000 - val_splice_donor_variantF1: 0.7595 - val_splice_donor_variantF1Count: 120.0000 - val_splice_donor_region_variantF1: 0.6667 - val_splice_donor_region_variantF1Count: 186.0000 - val_splice_region_variantF1: 0.6000 - val_splice_region_variantF1Count: 1073.0000 - val_5_prime_UTR_variantF1: 0.6667 - val_5_prime_UTR_variantF1Count: 3313.0000 - val_splice_polypyrimidine_tract_variantF1: 0.5882 - val_splice_polypyrimidine_tract_variantF1Count: 924.0000 - val_3_prime_UTR_variantF1: 0.4000 - val_3_prime_UTR_variantF1Count: 13034.0000 - val_synonymous_variantF1: 0.0000e+00 - val_synonymous_variantF1Count: 2281.0000 - val_frameshift_variantF1: 0.6170 - val_frameshift_variantF1Count: 429.0000 - val_stop_gainedF1: 0.6768 - val_stop_gainedF1Count: 160.0000 - val_splice_acceptor_variantF1: 0.6452 - val_splice_acceptor_variantF1Count: 103.0000 - val_splice_donor_5th_base_variantF1: 0.7143 - val_splice_donor_5th_base_variantF1Count: 69.0000 - val_stop_lostF1: 0.0000e+00 - val_stop_lostF1Count: 12.0000 - val_protein_altering_variantF1: 0.4000 - val_protein_altering_variantF1Count: 9.0000 - val_inframe_insertionF1: 0.4348 - val_inframe_insertionF1Count: 69.0000 - val_inframe_deletionF1: 0.5455 - val_inframe_deletionF1Count: 82.0000 - val_transcript_ablationF1: 0.0000e+00 - val_transcript_ablationF1Count: 0.0000e+00 - val_start_lostF1: 0.6667 - val_start_lostF1Count: 20.0000 - val_stop_retained_variantF1: 0.0000e+00 - val_stop_retained_variantF1Count: 10.0000 - val_coding_sequence_variantF1: 0.0000e+00 - val_coding_sequence_variantF1Count: 2.0000 - val_mature_miRNA_variantF1: 0.0000e+00 - val_mature_miRNA_variantF1Count: 5.0000 - val_incomplete_terminal_codon_variantF1: 0.0000e+00 - val_incomplete_terminal_codon_variantF1Count: 1.0000 - val_RareVariantF1Gnomad: 0.3860 - val_RareVariantF1GnomadCount: 27674.0000 - val_CommonVariantF1Gnomad: 0.0593 - val_CommonVariantF1GnomadCount: 1514417.0000 - val_RareVariantF1Frq: 0.8904 - val_RareVariantF1FrqCount: 60284.0000 - val_CommonVariantF1Frq: 0.1194 - val_CommonVariantF1FrqCount: 1561603.0000 - val_ClinvarPathogenicF1: 0.0000e+00 - val_ClinvarPathogenicF1Count: 0.0000e+00 - val_ClinvarBenignF1: 0.0000e+00 - val_ClinvarBenignF1Count: 0.0000e+00 - val_RareVariantWithoutClinvarSupportF1: 0.3860 - val_RareVariantWithoutClinvarSupportF1Count: 27674.0000 - 5075s/epoch - 144ms/step
Epoch 5/100
2025-05-10 02:49:57.703449: I tensorflow/core/kernels/data/shuffle_dataset_op.cc:392] Filling up shuffle buffer (this may take a while): 129101 of 500000
2025-05-10 02:50:01.264001: I tensorflow/core/kernels/data/shuffle_dataset_op.cc:417] Shuffle buffer filled.
[2025-05-10 02:54:36,872][model:model.py:L385][INFO] 4
[2025-05-10 02:54:36,872][model:model.py:L388][INFO] Saving model to /rdds/tmp/variant-rank-score/models/20250509-185018/saved-models/4-0.0051.keras
35131/35131 - 5294s - loss: 0.2279 - true_positives: 212620.0000 - true_negatives: 5398200.0000 - false_positives: 4799.0000 - false_negatives: 5341.0000 - binary_accuracy: 0.9982 - auc: 0.9985 - precision: 0.9779 - recall: 0.9755 - MCC: 0.9758 - F1: 0.9767 - missense_variantF1: 0.9388 - missense_variantF1Count: 158297.0000 - downstream_gene_variantF1: 0.9724 - downstream_gene_variantF1Count: 376462.0000 - upstream_gene_variantF1: 0.9683 - upstream_gene_variantF1Count: 358583.0000 - intron_variantF1: 0.9587 - intron_variantF1Count: 2009545.0000 - non_coding_transcript_exon_variantF1: 0.8601 - non_coding_transcript_exon_variantF1Count: 264413.0000 - splice_donor_variantF1: 0.9962 - splice_donor_variantF1Count: 16560.0000 - splice_donor_region_variantF1: 0.9241 - splice_donor_region_variantF1Count: 3824.0000 - splice_region_variantF1: 0.8725 - splice_region_variantF1Count: 58776.0000 - 5_prime_UTR_variantF1: 0.8702 - 5_prime_UTR_variantF1Count: 16011.0000 - splice_polypyrimidine_tract_variantF1: 0.8136 - splice_polypyrimidine_tract_variantF1Count: 51654.0000 - 3_prime_UTR_variantF1: 0.9538 - 3_prime_UTR_variantF1Count: 52092.0000 - synonymous_variantF1: 0.5403 - synonymous_variantF1Count: 217717.0000 - frameshift_variantF1: 0.9953 - frameshift_variantF1Count: 81391.0000 - stop_gainedF1: 0.9963 - stop_gainedF1Count: 48597.0000 - splice_acceptor_variantF1: 0.9954 - splice_acceptor_variantF1Count: 14332.0000 - splice_donor_5th_base_variantF1: 0.9785 - splice_donor_5th_base_variantF1Count: 1999.0000 - stop_lostF1: 0.8880 - stop_lostF1Count: 553.0000 - protein_altering_variantF1: 0.9452 - protein_altering_variantF1Count: 239.0000 - inframe_insertionF1: 0.8586 - inframe_insertionF1Count: 1717.0000 - inframe_deletionF1: 0.9357 - inframe_deletionF1Count: 3937.0000 - transcript_ablationF1: 0.9947 - transcript_ablationF1Count: 96.0000 - start_lostF1: 0.9821 - start_lostF1Count: 1562.0000 - stop_retained_variantF1: 0.0000e+00 - stop_retained_variantF1Count: 127.0000 - coding_sequence_variantF1: 0.9286 - coding_sequence_variantF1Count: 68.0000 - mature_miRNA_variantF1: 0.0000e+00 - mature_miRNA_variantF1Count: 13.0000 - incomplete_terminal_codon_variantF1: 0.0000e+00 - incomplete_terminal_codon_variantF1Count: 28.0000 - RareVariantF1Gnomad: 0.8108 - RareVariantF1GnomadCount: 168663.0000 - CommonVariantF1Gnomad: 0.4775 - CommonVariantF1GnomadCount: 3976727.0000 - RareVariantF1Frq: 0.7897 - RareVariantF1FrqCount: 254701.0000 - CommonVariantF1Frq: 0.4249 - CommonVariantF1FrqCount: 4046726.0000 - ClinvarPathogenicF1: 0.9990 - ClinvarPathogenicF1Count: 45565.0000 - ClinvarBenignF1: 0.0000e+00 - ClinvarBenignF1Count: 620749.0000 - RareVariantWithoutClinvarSupportF1: 0.7683 - RareVariantWithoutClinvarSupportF1Count: 95537.0000 - val_loss: 0.0051 - val_true_positives: 526.0000 - val_true_negatives: 1872747.0000 - val_false_positives: 407.0000 - val_false_negatives: 80.0000 - val_binary_accuracy: 0.9997 - val_auc: 0.9949 - val_precision: 0.5638 - val_recall: 0.8680 - val_MCC: 0.6994 - val_F1: 0.6836 - val_missense_variantF1: 0.7796 - val_missense_variantF1Count: 5487.0000 - val_downstream_gene_variantF1: 0.6753 - val_downstream_gene_variantF1Count: 111190.0000 - val_upstream_gene_variantF1: 0.5316 - val_upstream_gene_variantF1Count: 111258.0000 - val_intron_variantF1: 0.5192 - val_intron_variantF1Count: 733027.0000 - val_non_coding_transcript_exon_variantF1: 0.4615 - val_non_coding_transcript_exon_variantF1Count: 22302.0000 - val_splice_donor_variantF1: 0.7671 - val_splice_donor_variantF1Count: 120.0000 - val_splice_donor_region_variantF1: 0.7143 - val_splice_donor_region_variantF1Count: 184.0000 - val_splice_region_variantF1: 0.5000 - val_splice_region_variantF1Count: 1090.0000 - val_5_prime_UTR_variantF1: 0.6667 - val_5_prime_UTR_variantF1Count: 3309.0000 - val_splice_polypyrimidine_tract_variantF1: 0.6154 - val_splice_polypyrimidine_tract_variantF1Count: 939.0000 - val_3_prime_UTR_variantF1: 0.4000 - val_3_prime_UTR_variantF1Count: 13089.0000 - val_synonymous_variantF1: 0.0000e+00 - val_synonymous_variantF1Count: 2292.0000 - val_frameshift_variantF1: 0.5987 - val_frameshift_variantF1Count: 431.0000 - val_stop_gainedF1: 0.7225 - val_stop_gainedF1Count: 150.0000 - val_splice_acceptor_variantF1: 0.6071 - val_splice_acceptor_variantF1Count: 105.0000 - val_splice_donor_5th_base_variantF1: 0.7143 - val_splice_donor_5th_base_variantF1Count: 68.0000 - val_stop_lostF1: 0.0000e+00 - val_stop_lostF1Count: 11.0000 - val_protein_altering_variantF1: 0.2857 - val_protein_altering_variantF1Count: 7.0000 - val_inframe_insertionF1: 0.4348 - val_inframe_insertionF1Count: 72.0000 - val_inframe_deletionF1: 0.5625 - val_inframe_deletionF1Count: 84.0000 - val_transcript_ablationF1: 0.0000e+00 - val_transcript_ablationF1Count: 0.0000e+00 - val_start_lostF1: 0.6154 - val_start_lostF1Count: 22.0000 - val_stop_retained_variantF1: 0.0000e+00 - val_stop_retained_variantF1Count: 10.0000 - val_coding_sequence_variantF1: 0.0000e+00 - val_coding_sequence_variantF1Count: 1.0000 - val_mature_miRNA_variantF1: 0.0000e+00 - val_mature_miRNA_variantF1Count: 6.0000 - val_incomplete_terminal_codon_variantF1: 0.0000e+00 - val_incomplete_terminal_codon_variantF1Count: 1.0000 - val_RareVariantF1Gnomad: 0.3929 - val_RareVariantF1GnomadCount: 27553.0000 - val_CommonVariantF1Gnomad: 0.0620 - val_CommonVariantF1GnomadCount: 1514298.0000 - val_RareVariantF1Frq: 0.9015 - val_RareVariantF1FrqCount: 60184.0000 - val_CommonVariantF1Frq: 0.1406 - val_CommonVariantF1FrqCount: 1561041.0000 - val_ClinvarPathogenicF1: 0.0000e+00 - val_ClinvarPathogenicF1Count: 0.0000e+00 - val_ClinvarBenignF1: 0.0000e+00 - val_ClinvarBenignF1Count: 0.0000e+00 - val_RareVariantWithoutClinvarSupportF1: 0.3929 - val_RareVariantWithoutClinvarSupportF1Count: 27553.0000 - 5294s/epoch - 151ms/step
Epoch 6/100
2025-05-10 04:17:24.541932: I tensorflow/core/kernels/data/shuffle_dataset_op.cc:392] Filling up shuffle buffer (this may take a while): 236096 of 500000
2025-05-10 04:17:27.430877: I tensorflow/core/kernels/data/shuffle_dataset_op.cc:417] Shuffle buffer filled.
[2025-05-10 04:22:27,168][model:model.py:L385][INFO] 5
[2025-05-10 04:22:27,180][model:model.py:L388][INFO] Saving model to /rdds/tmp/variant-rank-score/models/20250509-185018/saved-models/5-0.0050.keras
35131/35131 - 5270s - loss: 0.2216 - true_positives: 212878.0000 - true_negatives: 5398311.0000 - false_positives: 4644.0000 - false_negatives: 5127.0000 - binary_accuracy: 0.9983 - auc: 0.9985 - precision: 0.9787 - recall: 0.9765 - MCC: 0.9767 - F1: 0.9776 - missense_variantF1: 0.9419 - missense_variantF1Count: 158293.0000 - downstream_gene_variantF1: 0.9724 - downstream_gene_variantF1Count: 376972.0000 - upstream_gene_variantF1: 0.9702 - upstream_gene_variantF1Count: 358824.0000 - intron_variantF1: 0.9592 - intron_variantF1Count: 2008933.0000 - non_coding_transcript_exon_variantF1: 0.8634 - non_coding_transcript_exon_variantF1Count: 264797.0000 - splice_donor_variantF1: 0.9965 - splice_donor_variantF1Count: 16610.0000 - splice_donor_region_variantF1: 0.9369 - splice_donor_region_variantF1Count: 3810.0000 - splice_region_variantF1: 0.8775 - splice_region_variantF1Count: 58638.0000 - 5_prime_UTR_variantF1: 0.8617 - 5_prime_UTR_variantF1Count: 16114.0000 - splice_polypyrimidine_tract_variantF1: 0.8100 - splice_polypyrimidine_tract_variantF1Count: 51600.0000 - 3_prime_UTR_variantF1: 0.9626 - 3_prime_UTR_variantF1Count: 52082.0000 - synonymous_variantF1: 0.5149 - synonymous_variantF1Count: 218260.0000 - frameshift_variantF1: 0.9954 - frameshift_variantF1Count: 81646.0000 - stop_gainedF1: 0.9964 - stop_gainedF1Count: 48415.0000 - splice_acceptor_variantF1: 0.9957 - splice_acceptor_variantF1Count: 14471.0000 - splice_donor_5th_base_variantF1: 0.9765 - splice_donor_5th_base_variantF1Count: 2004.0000 - stop_lostF1: 0.8842 - stop_lostF1Count: 565.0000 - protein_altering_variantF1: 0.9568 - protein_altering_variantF1Count: 228.0000 - inframe_insertionF1: 0.8389 - inframe_insertionF1Count: 1759.0000 - inframe_deletionF1: 0.9379 - inframe_deletionF1Count: 3876.0000 - transcript_ablationF1: 1.0000 - transcript_ablationF1Count: 102.0000 - start_lostF1: 0.9778 - start_lostF1Count: 1565.0000 - stop_retained_variantF1: 0.0000e+00 - stop_retained_variantF1Count: 128.0000 - coding_sequence_variantF1: 0.9920 - coding_sequence_variantF1Count: 71.0000 - mature_miRNA_variantF1: 0.0000e+00 - mature_miRNA_variantF1Count: 14.0000 - incomplete_terminal_codon_variantF1: 0.0000e+00 - incomplete_terminal_codon_variantF1Count: 26.0000 - RareVariantF1Gnomad: 0.8110 - RareVariantF1GnomadCount: 168865.0000 - CommonVariantF1Gnomad: 0.4995 - CommonVariantF1GnomadCount: 3976223.0000 - RareVariantF1Frq: 0.7909 - RareVariantF1FrqCount: 254371.0000 - CommonVariantF1Frq: 0.4278 - CommonVariantF1FrqCount: 4045776.0000 - ClinvarPathogenicF1: 0.9992 - ClinvarPathogenicF1Count: 45815.0000 - ClinvarBenignF1: 0.2500 - ClinvarBenignF1Count: 621833.0000 - RareVariantWithoutClinvarSupportF1: 0.7710 - RareVariantWithoutClinvarSupportF1Count: 95543.0000 - val_loss: 0.0050 - val_true_positives: 500.0000 - val_true_negatives: 1872809.0000 - val_false_positives: 358.0000 - val_false_negatives: 93.0000 - val_binary_accuracy: 0.9998 - val_auc: 0.9957 - val_precision: 0.5828 - val_recall: 0.8432 - val_MCC: 0.7009 - val_F1: 0.6892 - val_missense_variantF1: 0.7695 - val_missense_variantF1Count: 5490.0000 - val_downstream_gene_variantF1: 0.7034 - val_downstream_gene_variantF1Count: 110896.0000 - val_upstream_gene_variantF1: 0.4823 - val_upstream_gene_variantF1Count: 111254.0000 - val_intron_variantF1: 0.4792 - val_intron_variantF1Count: 733500.0000 - val_non_coding_transcript_exon_variantF1: 0.4615 - val_non_coding_transcript_exon_variantF1Count: 22125.0000 - val_splice_donor_variantF1: 0.7463 - val_splice_donor_variantF1Count: 112.0000 - val_splice_donor_region_variantF1: 0.6667 - val_splice_donor_region_variantF1Count: 173.0000 - val_splice_region_variantF1: 0.6667 - val_splice_region_variantF1Count: 1085.0000 - val_5_prime_UTR_variantF1: 0.6667 - val_5_prime_UTR_variantF1Count: 3319.0000 - val_splice_polypyrimidine_tract_variantF1: 0.6154 - val_splice_polypyrimidine_tract_variantF1Count: 929.0000 - val_3_prime_UTR_variantF1: 0.5000 - val_3_prime_UTR_variantF1Count: 13016.0000 - val_synonymous_variantF1: 0.0000e+00 - val_synonymous_variantF1Count: 2261.0000 - val_frameshift_variantF1: 0.6151 - val_frameshift_variantF1Count: 428.0000 - val_stop_gainedF1: 0.7647 - val_stop_gainedF1Count: 144.0000 - val_splice_acceptor_variantF1: 0.6667 - val_splice_acceptor_variantF1Count: 96.0000 - val_splice_donor_5th_base_variantF1: 0.8571 - val_splice_donor_5th_base_variantF1Count: 63.0000 - val_stop_lostF1: 0.0000e+00 - val_stop_lostF1Count: 13.0000 - val_protein_altering_variantF1: 0.2500 - val_protein_altering_variantF1Count: 8.0000 - val_inframe_insertionF1: 0.4762 - val_inframe_insertionF1Count: 74.0000 - val_inframe_deletionF1: 0.4865 - val_inframe_deletionF1Count: 87.0000 - val_transcript_ablationF1: 0.0000e+00 - val_transcript_ablationF1Count: 0.0000e+00 - val_start_lostF1: 0.7273 - val_start_lostF1Count: 18.0000 - val_stop_retained_variantF1: 0.0000e+00 - val_stop_retained_variantF1Count: 8.0000 - val_coding_sequence_variantF1: 0.0000e+00 - val_coding_sequence_variantF1Count: 2.0000 - val_mature_miRNA_variantF1: 0.0000e+00 - val_mature_miRNA_variantF1Count: 7.0000 - val_incomplete_terminal_codon_variantF1: 0.0000e+00 - val_incomplete_terminal_codon_variantF1Count: 0.0000e+00 - val_RareVariantF1Gnomad: 0.2963 - val_RareVariantF1GnomadCount: 27634.0000 - val_CommonVariantF1Gnomad: 0.0808 - val_CommonVariantF1GnomadCount: 1513900.0000 - val_RareVariantF1Frq: 0.8880 - val_RareVariantF1FrqCount: 60335.0000 - val_CommonVariantF1Frq: 0.1982 - val_CommonVariantF1FrqCount: 1561025.0000 - val_ClinvarPathogenicF1: 0.0000e+00 - val_ClinvarPathogenicF1Count: 0.0000e+00 - val_ClinvarBenignF1: 0.0000e+00 - val_ClinvarBenignF1Count: 0.0000e+00 - val_RareVariantWithoutClinvarSupportF1: 0.2963 - val_RareVariantWithoutClinvarSupportF1Count: 27634.0000 - 5270s/epoch - 150ms/step
Epoch 7/100
2025-05-10 05:42:43.346477: I tensorflow/core/kernels/data/shuffle_dataset_op.cc:392] Filling up shuffle buffer (this may take a while): 306531 of 500000
2025-05-10 05:42:45.271047: I tensorflow/core/kernels/data/shuffle_dataset_op.cc:417] Shuffle buffer filled.
[2025-05-10 05:47:21,535][model:model.py:L385][INFO] 6
[2025-05-10 05:47:21,536][model:model.py:L388][INFO] Saving model to /rdds/tmp/variant-rank-score/models/20250509-185018/saved-models/6-0.0050.keras
35131/35131 - 5094s - loss: 0.2202 - true_positives: 212967.0000 - true_negatives: 5398256.0000 - false_positives: 4612.0000 - false_negatives: 5125.0000 - binary_accuracy: 0.9983 - auc: 0.9985 - precision: 0.9788 - recall: 0.9765 - MCC: 0.9768 - F1: 0.9777 - missense_variantF1: 0.9415 - missense_variantF1Count: 158297.0000 - downstream_gene_variantF1: 0.9732 - downstream_gene_variantF1Count: 376326.0000 - upstream_gene_variantF1: 0.9699 - upstream_gene_variantF1Count: 358680.0000 - intron_variantF1: 0.9606 - intron_variantF1Count: 2009675.0000 - non_coding_transcript_exon_variantF1: 0.8641 - non_coding_transcript_exon_variantF1Count: 264607.0000 - splice_donor_variantF1: 0.9965 - splice_donor_variantF1Count: 16524.0000 - splice_donor_region_variantF1: 0.9485 - splice_donor_region_variantF1Count: 3858.0000 - splice_region_variantF1: 0.8881 - splice_region_variantF1Count: 58745.0000 - 5_prime_UTR_variantF1: 0.8858 - 5_prime_UTR_variantF1Count: 16042.0000 - splice_polypyrimidine_tract_variantF1: 0.8060 - splice_polypyrimidine_tract_variantF1Count: 51517.0000 - 3_prime_UTR_variantF1: 0.9606 - 3_prime_UTR_variantF1Count: 52067.0000 - synonymous_variantF1: 0.6075 - synonymous_variantF1Count: 217808.0000 - frameshift_variantF1: 0.9954 - frameshift_variantF1Count: 81466.0000 - stop_gainedF1: 0.9966 - stop_gainedF1Count: 48629.0000 - splice_acceptor_variantF1: 0.9959 - splice_acceptor_variantF1Count: 14382.0000 - splice_donor_5th_base_variantF1: 0.9748 - splice_donor_5th_base_variantF1Count: 1992.0000 - stop_lostF1: 0.8857 - stop_lostF1Count: 544.0000 - protein_altering_variantF1: 0.9501 - protein_altering_variantF1Count: 239.0000 - inframe_insertionF1: 0.8326 - inframe_insertionF1Count: 1701.0000 - inframe_deletionF1: 0.9354 - inframe_deletionF1Count: 3947.0000 - transcript_ablationF1: 0.9697 - transcript_ablationF1Count: 104.0000 - start_lostF1: 0.9807 - start_lostF1Count: 1579.0000 - stop_retained_variantF1: 0.0000e+00 - stop_retained_variantF1Count: 130.0000 - coding_sequence_variantF1: 0.9916 - coding_sequence_variantF1Count: 68.0000 - mature_miRNA_variantF1: 0.0000e+00 - mature_miRNA_variantF1Count: 14.0000 - incomplete_terminal_codon_variantF1: 0.0000e+00 - incomplete_terminal_codon_variantF1Count: 28.0000 - RareVariantF1Gnomad: 0.8214 - RareVariantF1GnomadCount: 168992.0000 - CommonVariantF1Gnomad: 0.4990 - CommonVariantF1GnomadCount: 3976457.0000 - RareVariantF1Frq: 0.8001 - RareVariantF1FrqCount: 254798.0000 - CommonVariantF1Frq: 0.4487 - CommonVariantF1FrqCount: 4046247.0000 - ClinvarPathogenicF1: 0.9991 - ClinvarPathogenicF1Count: 45640.0000 - ClinvarBenignF1: 0.6667 - ClinvarBenignF1Count: 620611.0000 - RareVariantWithoutClinvarSupportF1: 0.7845 - RareVariantWithoutClinvarSupportF1Count: 95719.0000 - val_loss: 0.0050 - val_true_positives: 527.0000 - val_true_negatives: 1872787.0000 - val_false_positives: 354.0000 - val_false_negatives: 92.0000 - val_binary_accuracy: 0.9998 - val_auc: 0.9958 - val_precision: 0.5982 - val_recall: 0.8514 - val_MCC: 0.7135 - val_F1: 0.7027 - val_missense_variantF1: 0.7864 - val_missense_variantF1Count: 5445.0000 - val_downstream_gene_variantF1: 0.6923 - val_downstream_gene_variantF1Count: 111038.0000 - val_upstream_gene_variantF1: 0.5897 - val_upstream_gene_variantF1Count: 111056.0000 - val_intron_variantF1: 0.4742 - val_intron_variantF1Count: 733528.0000 - val_non_coding_transcript_exon_variantF1: 0.5000 - val_non_coding_transcript_exon_variantF1Count: 22203.0000 - val_splice_donor_variantF1: 0.7463 - val_splice_donor_variantF1Count: 120.0000 - val_splice_donor_region_variantF1: 0.6667 - val_splice_donor_region_variantF1Count: 182.0000 - val_splice_region_variantF1: 0.5000 - val_splice_region_variantF1Count: 1087.0000 - val_5_prime_UTR_variantF1: 0.6667 - val_5_prime_UTR_variantF1Count: 3284.0000 - val_splice_polypyrimidine_tract_variantF1: 0.5882 - val_splice_polypyrimidine_tract_variantF1Count: 947.0000 - val_3_prime_UTR_variantF1: 0.4000 - val_3_prime_UTR_variantF1Count: 12987.0000 - val_synonymous_variantF1: 0.0000e+00 - val_synonymous_variantF1Count: 2289.0000 - val_frameshift_variantF1: 0.6276 - val_frameshift_variantF1Count: 438.0000 - val_stop_gainedF1: 0.7368 - val_stop_gainedF1Count: 152.0000 - val_splice_acceptor_variantF1: 0.7143 - val_splice_acceptor_variantF1Count: 110.0000 - val_splice_donor_5th_base_variantF1: 0.8571 - val_splice_donor_5th_base_variantF1Count: 70.0000 - val_stop_lostF1: 0.0000e+00 - val_stop_lostF1Count: 13.0000 - val_protein_altering_variantF1: 0.2500 - val_protein_altering_variantF1Count: 8.0000 - val_inframe_insertionF1: 0.4444 - val_inframe_insertionF1Count: 71.0000 - val_inframe_deletionF1: 0.6286 - val_inframe_deletionF1Count: 83.0000 - val_transcript_ablationF1: 0.0000e+00 - val_transcript_ablationF1Count: 0.0000e+00 - val_start_lostF1: 0.7692 - val_start_lostF1Count: 22.0000 - val_stop_retained_variantF1: 0.0000e+00 - val_stop_retained_variantF1Count: 9.0000 - val_coding_sequence_variantF1: 0.0000e+00 - val_coding_sequence_variantF1Count: 2.0000 - val_mature_miRNA_variantF1: 0.0000e+00 - val_mature_miRNA_variantF1Count: 6.0000 - val_incomplete_terminal_codon_variantF1: 0.0000e+00 - val_incomplete_terminal_codon_variantF1Count: 1.0000 - val_RareVariantF1Gnomad: 0.3571 - val_RareVariantF1GnomadCount: 27628.0000 - val_CommonVariantF1Gnomad: 0.0860 - val_CommonVariantF1GnomadCount: 1514245.0000 - val_RareVariantF1Frq: 0.8912 - val_RareVariantF1FrqCount: 60336.0000 - val_CommonVariantF1Frq: 0.2020 - val_CommonVariantF1FrqCount: 1561151.0000 - val_ClinvarPathogenicF1: 0.0000e+00 - val_ClinvarPathogenicF1Count: 0.0000e+00 - val_ClinvarBenignF1: 0.0000e+00 - val_ClinvarBenignF1Count: 0.0000e+00 - val_RareVariantWithoutClinvarSupportF1: 0.3571 - val_RareVariantWithoutClinvarSupportF1Count: 27628.0000 - 5094s/epoch - 145ms/step
Epoch 8/100
2025-05-10 07:04:59.654220: I tensorflow/core/kernels/data/shuffle_dataset_op.cc:392] Filling up shuffle buffer (this may take a while): 339392 of 500000
2025-05-10 07:05:00.959053: I tensorflow/core/kernels/data/shuffle_dataset_op.cc:417] Shuffle buffer filled.
[2025-05-10 07:09:24,888][model:model.py:L385][INFO] 7
[2025-05-10 07:09:24,888][model:model.py:L388][INFO] Saving model to /rdds/tmp/variant-rank-score/models/20250509-185018/saved-models/7-0.0050.keras
35131/35131 - 4923s - loss: 0.2133 - true_positives: 213031.0000 - true_negatives: 5398413.0000 - false_positives: 4552.0000 - false_negatives: 4964.0000 - binary_accuracy: 0.9983 - auc: 0.9986 - precision: 0.9791 - recall: 0.9772 - MCC: 0.9773 - F1: 0.9782 - missense_variantF1: 0.9424 - missense_variantF1Count: 158224.0000 - downstream_gene_variantF1: 0.9738 - downstream_gene_variantF1Count: 376837.0000 - upstream_gene_variantF1: 0.9710 - upstream_gene_variantF1Count: 358307.0000 - intron_variantF1: 0.9614 - intron_variantF1Count: 2008556.0000 - non_coding_transcript_exon_variantF1: 0.8650 - non_coding_transcript_exon_variantF1Count: 264777.0000 - splice_donor_variantF1: 0.9966 - splice_donor_variantF1Count: 16548.0000 - splice_donor_region_variantF1: 0.9247 - splice_donor_region_variantF1Count: 3805.0000 - splice_region_variantF1: 0.8951 - splice_region_variantF1Count: 58782.0000 - 5_prime_UTR_variantF1: 0.8728 - 5_prime_UTR_variantF1Count: 16057.0000 - splice_polypyrimidine_tract_variantF1: 0.8356 - splice_polypyrimidine_tract_variantF1Count: 51778.0000 - 3_prime_UTR_variantF1: 0.9578 - 3_prime_UTR_variantF1Count: 52236.0000 - synonymous_variantF1: 0.5588 - synonymous_variantF1Count: 218027.0000 - frameshift_variantF1: 0.9954 - frameshift_variantF1Count: 81608.0000 - stop_gainedF1: 0.9969 - stop_gainedF1Count: 48525.0000 - splice_acceptor_variantF1: 0.9970 - splice_acceptor_variantF1Count: 14384.0000 - splice_donor_5th_base_variantF1: 0.9778 - splice_donor_5th_base_variantF1Count: 1965.0000 - stop_lostF1: 0.8854 - stop_lostF1Count: 580.0000 - protein_altering_variantF1: 0.9645 - protein_altering_variantF1Count: 237.0000 - inframe_insertionF1: 0.8557 - inframe_insertionF1Count: 1742.0000 - inframe_deletionF1: 0.9366 - inframe_deletionF1Count: 3879.0000 - transcript_ablationF1: 1.0000 - transcript_ablationF1Count: 94.0000 - start_lostF1: 0.9826 - start_lostF1Count: 1546.0000 - stop_retained_variantF1: 0.0000e+00 - stop_retained_variantF1Count: 129.0000 - coding_sequence_variantF1: 0.9917 - coding_sequence_variantF1Count: 69.0000 - mature_miRNA_variantF1: 0.0000e+00 - mature_miRNA_variantF1Count: 15.0000 - incomplete_terminal_codon_variantF1: 0.0000e+00 - incomplete_terminal_codon_variantF1Count: 25.0000 - RareVariantF1Gnomad: 0.8183 - RareVariantF1GnomadCount: 168747.0000 - CommonVariantF1Gnomad: 0.5062 - CommonVariantF1GnomadCount: 3976516.0000 - RareVariantF1Frq: 0.7961 - RareVariantF1FrqCount: 254594.0000 - CommonVariantF1Frq: 0.4580 - CommonVariantF1FrqCount: 4046267.0000 - ClinvarPathogenicF1: 0.9992 - ClinvarPathogenicF1Count: 45447.0000 - ClinvarBenignF1: 0.0000e+00 - ClinvarBenignF1Count: 621336.0000 - RareVariantWithoutClinvarSupportF1: 0.7773 - RareVariantWithoutClinvarSupportF1Count: 95446.0000 - val_loss: 0.0050 - val_true_positives: 525.0000 - val_true_negatives: 1872792.0000 - val_false_positives: 367.0000 - val_false_negatives: 76.0000 - val_binary_accuracy: 0.9998 - val_auc: 0.9949 - val_precision: 0.5886 - val_recall: 0.8735 - val_MCC: 0.7169 - val_F1: 0.7033 - val_missense_variantF1: 0.7876 - val_missense_variantF1Count: 5449.0000 - val_downstream_gene_variantF1: 0.6914 - val_downstream_gene_variantF1Count: 111056.0000 - val_upstream_gene_variantF1: 0.5488 - val_upstream_gene_variantF1Count: 110958.0000 - val_intron_variantF1: 0.5385 - val_intron_variantF1Count: 733313.0000 - val_non_coding_transcript_exon_variantF1: 0.5455 - val_non_coding_transcript_exon_variantF1Count: 22268.0000 - val_splice_donor_variantF1: 0.7179 - val_splice_donor_variantF1Count: 120.0000 - val_splice_donor_region_variantF1: 0.5333 - val_splice_donor_region_variantF1Count: 181.0000 - val_splice_region_variantF1: 0.7273 - val_splice_region_variantF1Count: 1066.0000 - val_5_prime_UTR_variantF1: 0.6667 - val_5_prime_UTR_variantF1Count: 3291.0000 - val_splice_polypyrimidine_tract_variantF1: 0.6250 - val_splice_polypyrimidine_tract_variantF1Count: 932.0000 - val_3_prime_UTR_variantF1: 0.2857 - val_3_prime_UTR_variantF1Count: 13063.0000 - val_synonymous_variantF1: 0.0000e+00 - val_synonymous_variantF1Count: 2290.0000 - val_frameshift_variantF1: 0.6261 - val_frameshift_variantF1Count: 424.0000 - val_stop_gainedF1: 0.7442 - val_stop_gainedF1Count: 150.0000 - val_splice_acceptor_variantF1: 0.7458 - val_splice_acceptor_variantF1Count: 105.0000 - val_splice_donor_5th_base_variantF1: 0.8235 - val_splice_donor_5th_base_variantF1Count: 68.0000 - val_stop_lostF1: 0.0000e+00 - val_stop_lostF1Count: 12.0000 - val_protein_altering_variantF1: 0.2857 - val_protein_altering_variantF1Count: 7.0000 - val_inframe_insertionF1: 0.4762 - val_inframe_insertionF1Count: 66.0000 - val_inframe_deletionF1: 0.6250 - val_inframe_deletionF1Count: 82.0000 - val_transcript_ablationF1: 0.0000e+00 - val_transcript_ablationF1Count: 0.0000e+00 - val_start_lostF1: 0.8333 - val_start_lostF1Count: 21.0000 - val_stop_retained_variantF1: 0.0000e+00 - val_stop_retained_variantF1Count: 6.0000 - val_coding_sequence_variantF1: 0.0000e+00 - val_coding_sequence_variantF1Count: 2.0000 - val_mature_miRNA_variantF1: 0.0000e+00 - val_mature_miRNA_variantF1Count: 8.0000 - val_incomplete_terminal_codon_variantF1: 0.0000e+00 - val_incomplete_terminal_codon_variantF1Count: 1.0000 - val_RareVariantF1Gnomad: 0.4815 - val_RareVariantF1GnomadCount: 27664.0000 - val_CommonVariantF1Gnomad: 0.0842 - val_CommonVariantF1GnomadCount: 1514280.0000 - val_RareVariantF1Frq: 0.9089 - val_RareVariantF1FrqCount: 60121.0000 - val_CommonVariantF1Frq: 0.1429 - val_CommonVariantF1FrqCount: 1561255.0000 - val_ClinvarPathogenicF1: 0.0000e+00 - val_ClinvarPathogenicF1Count: 0.0000e+00 - val_ClinvarBenignF1: 0.0000e+00 - val_ClinvarBenignF1Count: 0.0000e+00 - val_RareVariantWithoutClinvarSupportF1: 0.4815 - val_RareVariantWithoutClinvarSupportF1Count: 27664.0000 - 4923s/epoch - 140ms/step
Epoch 9/100
2025-05-10 08:29:16.628513: I tensorflow/core/kernels/data/shuffle_dataset_op.cc:392] Filling up shuffle buffer (this may take a while): 200193 of 500000
2025-05-10 08:29:19.289015: I tensorflow/core/kernels/data/shuffle_dataset_op.cc:417] Shuffle buffer filled.
[2025-05-10 08:34:02,124][model:model.py:L385][INFO] 8
[2025-05-10 08:34:02,124][model:model.py:L388][INFO] Saving model to /rdds/tmp/variant-rank-score/models/20250509-185018/saved-models/8-0.0049.keras
35131/35131 - 5077s - loss: 0.2123 - true_positives: 213139.0000 - true_negatives: 5398376.0000 - false_positives: 4526.0000 - false_negatives: 4919.0000 - binary_accuracy: 0.9983 - auc: 0.9986 - precision: 0.9792 - recall: 0.9774 - MCC: 0.9774 - F1: 0.9783 - missense_variantF1: 0.9430 - missense_variantF1Count: 158319.0000 - downstream_gene_variantF1: 0.9745 - downstream_gene_variantF1Count: 376211.0000 - upstream_gene_variantF1: 0.9704 - upstream_gene_variantF1Count: 358682.0000 - intron_variantF1: 0.9630 - intron_variantF1Count: 2009928.0000 - non_coding_transcript_exon_variantF1: 0.8659 - non_coding_transcript_exon_variantF1Count: 264355.0000 - splice_donor_variantF1: 0.9966 - splice_donor_variantF1Count: 16618.0000 - splice_donor_region_variantF1: 0.9429 - splice_donor_region_variantF1Count: 3870.0000 - splice_region_variantF1: 0.8861 - splice_region_variantF1Count: 58696.0000 - 5_prime_UTR_variantF1: 0.8707 - 5_prime_UTR_variantF1Count: 16024.0000 - splice_polypyrimidine_tract_variantF1: 0.8351 - splice_polypyrimidine_tract_variantF1Count: 51536.0000 - 3_prime_UTR_variantF1: 0.9520 - 3_prime_UTR_variantF1Count: 52156.0000 - synonymous_variantF1: 0.6055 - synonymous_variantF1Count: 218209.0000 - frameshift_variantF1: 0.9956 - frameshift_variantF1Count: 81341.0000 - stop_gainedF1: 0.9969 - stop_gainedF1Count: 48637.0000 - splice_acceptor_variantF1: 0.9967 - splice_acceptor_variantF1Count: 14415.0000 - splice_donor_5th_base_variantF1: 0.9765 - splice_donor_5th_base_variantF1Count: 2035.0000 - stop_lostF1: 0.9066 - stop_lostF1Count: 556.0000 - protein_altering_variantF1: 0.9545 - protein_altering_variantF1Count: 242.0000 - inframe_insertionF1: 0.8304 - inframe_insertionF1Count: 1727.0000 - inframe_deletionF1: 0.9388 - inframe_deletionF1Count: 3967.0000 - transcript_ablationF1: 0.9950 - transcript_ablationF1Count: 102.0000 - start_lostF1: 0.9852 - start_lostF1Count: 1575.0000 - stop_retained_variantF1: 0.0000e+00 - stop_retained_variantF1Count: 122.0000 - coding_sequence_variantF1: 0.9917 - coding_sequence_variantF1Count: 69.0000 - mature_miRNA_variantF1: 0.0000e+00 - mature_miRNA_variantF1Count: 12.0000 - incomplete_terminal_codon_variantF1: 0.0000e+00 - incomplete_terminal_codon_variantF1Count: 27.0000 - RareVariantF1Gnomad: 0.8224 - RareVariantF1GnomadCount: 168822.0000 - CommonVariantF1Gnomad: 0.5132 - CommonVariantF1GnomadCount: 3976733.0000 - RareVariantF1Frq: 0.7966 - RareVariantF1FrqCount: 254734.0000 - CommonVariantF1Frq: 0.4525 - CommonVariantF1FrqCount: 4045886.0000 - ClinvarPathogenicF1: 0.9993 - ClinvarPathogenicF1Count: 45483.0000 - ClinvarBenignF1: 0.6154 - ClinvarBenignF1Count: 621006.0000 - RareVariantWithoutClinvarSupportF1: 0.7822 - RareVariantWithoutClinvarSupportF1Count: 95765.0000 - val_loss: 0.0049 - val_true_positives: 520.0000 - val_true_negatives: 1872808.0000 - val_false_positives: 354.0000 - val_false_negatives: 78.0000 - val_binary_accuracy: 0.9998 - val_auc: 0.9957 - val_precision: 0.5950 - val_recall: 0.8696 - val_MCC: 0.7192 - val_F1: 0.7065 - val_missense_variantF1: 0.7856 - val_missense_variantF1Count: 5464.0000 - val_downstream_gene_variantF1: 0.6944 - val_downstream_gene_variantF1Count: 110994.0000 - val_upstream_gene_variantF1: 0.5677 - val_upstream_gene_variantF1Count: 110935.0000 - val_intron_variantF1: 0.4808 - val_intron_variantF1Count: 733993.0000 - val_non_coding_transcript_exon_variantF1: 0.5000 - val_non_coding_transcript_exon_variantF1Count: 22359.0000 - val_splice_donor_variantF1: 0.8000 - val_splice_donor_variantF1Count: 124.0000 - val_splice_donor_region_variantF1: 0.8000 - val_splice_donor_region_variantF1Count: 178.0000 - val_splice_region_variantF1: 0.5455 - val_splice_region_variantF1Count: 1076.0000 - val_5_prime_UTR_variantF1: 0.6667 - val_5_prime_UTR_variantF1Count: 3334.0000 - val_splice_polypyrimidine_tract_variantF1: 0.7143 - val_splice_polypyrimidine_tract_variantF1Count: 938.0000 - val_3_prime_UTR_variantF1: 0.5000 - val_3_prime_UTR_variantF1Count: 12984.0000 - val_synonymous_variantF1: 0.0000e+00 - val_synonymous_variantF1Count: 2297.0000 - val_frameshift_variantF1: 0.6250 - val_frameshift_variantF1Count: 443.0000 - val_stop_gainedF1: 0.7337 - val_stop_gainedF1Count: 149.0000 - val_splice_acceptor_variantF1: 0.7000 - val_splice_acceptor_variantF1Count: 99.0000 - val_splice_donor_5th_base_variantF1: 0.8235 - val_splice_donor_5th_base_variantF1Count: 70.0000 - val_stop_lostF1: 0.0000e+00 - val_stop_lostF1Count: 12.0000 - val_protein_altering_variantF1: 0.2500 - val_protein_altering_variantF1Count: 9.0000 - val_inframe_insertionF1: 0.5000 - val_inframe_insertionF1Count: 67.0000 - val_inframe_deletionF1: 0.6452 - val_inframe_deletionF1Count: 81.0000 - val_transcript_ablationF1: 0.0000e+00 - val_transcript_ablationF1Count: 0.0000e+00 - val_start_lostF1: 0.7273 - val_start_lostF1Count: 19.0000 - val_stop_retained_variantF1: 0.0000e+00 - val_stop_retained_variantF1Count: 10.0000 - val_coding_sequence_variantF1: 0.0000e+00 - val_coding_sequence_variantF1Count: 2.0000 - val_mature_miRNA_variantF1: 0.0000e+00 - val_mature_miRNA_variantF1Count: 6.0000 - val_incomplete_terminal_codon_variantF1: 0.0000e+00 - val_incomplete_terminal_codon_variantF1Count: 1.0000 - val_RareVariantF1Gnomad: 0.4151 - val_RareVariantF1GnomadCount: 27611.0000 - val_CommonVariantF1Gnomad: 0.0879 - val_CommonVariantF1GnomadCount: 1514304.0000 - val_RareVariantF1Frq: 0.9061 - val_RareVariantF1FrqCount: 60187.0000 - val_CommonVariantF1Frq: 0.1111 - val_CommonVariantF1FrqCount: 1561295.0000 - val_ClinvarPathogenicF1: 0.0000e+00 - val_ClinvarPathogenicF1Count: 0.0000e+00 - val_ClinvarBenignF1: 0.0000e+00 - val_ClinvarBenignF1Count: 0.0000e+00 - val_RareVariantWithoutClinvarSupportF1: 0.4151 - val_RareVariantWithoutClinvarSupportF1Count: 27611.0000 - 5077s/epoch - 145ms/step
Epoch 10/100
2025-05-10 09:55:38.185525: I tensorflow/core/kernels/data/shuffle_dataset_op.cc:392] Filling up shuffle buffer (this may take a while): 277116 of 500000
2025-05-10 09:55:40.012829: I tensorflow/core/kernels/data/shuffle_dataset_op.cc:417] Shuffle buffer filled.
[2025-05-10 10:00:18,232][model:model.py:L385][INFO] 9
[2025-05-10 10:00:18,232][model:model.py:L388][INFO] Saving model to /rdds/tmp/variant-rank-score/models/20250509-185018/saved-models/9-0.0050.keras
35131/35131 - 5176s - loss: 0.2072 - true_positives: 213152.0000 - true_negatives: 5398492.0000 - false_positives: 4489.0000 - false_negatives: 4827.0000 - binary_accuracy: 0.9983 - auc: 0.9986 - precision: 0.9794 - recall: 0.9779 - MCC: 0.9778 - F1: 0.9786 - missense_variantF1: 0.9434 - missense_variantF1Count: 158105.0000 - downstream_gene_variantF1: 0.9732 - downstream_gene_variantF1Count: 376893.0000 - upstream_gene_variantF1: 0.9719 - upstream_gene_variantF1Count: 358643.0000 - intron_variantF1: 0.9631 - intron_variantF1Count: 2008894.0000 - non_coding_transcript_exon_variantF1: 0.8732 - non_coding_transcript_exon_variantF1Count: 264546.0000 - splice_donor_variantF1: 0.9967 - splice_donor_variantF1Count: 16601.0000 - splice_donor_region_variantF1: 0.9365 - splice_donor_region_variantF1Count: 3780.0000 - splice_region_variantF1: 0.8914 - splice_region_variantF1Count: 58889.0000 - 5_prime_UTR_variantF1: 0.8704 - 5_prime_UTR_variantF1Count: 16112.0000 - splice_polypyrimidine_tract_variantF1: 0.8388 - splice_polypyrimidine_tract_variantF1Count: 51569.0000 - 3_prime_UTR_variantF1: 0.9593 - 3_prime_UTR_variantF1Count: 52047.0000 - synonymous_variantF1: 0.6020 - synonymous_variantF1Count: 217838.0000 - frameshift_variantF1: 0.9954 - frameshift_variantF1Count: 81573.0000 - stop_gainedF1: 0.9968 - stop_gainedF1Count: 48485.0000 - splice_acceptor_variantF1: 0.9966 - splice_acceptor_variantF1Count: 14407.0000 - splice_donor_5th_base_variantF1: 0.9781 - splice_donor_5th_base_variantF1Count: 1984.0000 - stop_lostF1: 0.9040 - stop_lostF1Count: 567.0000 - protein_altering_variantF1: 0.9565 - protein_altering_variantF1Count: 225.0000 - inframe_insertionF1: 0.8453 - inframe_insertionF1Count: 1678.0000 - inframe_deletionF1: 0.9457 - inframe_deletionF1Count: 3887.0000 - transcript_ablationF1: 1.0000 - transcript_ablationF1Count: 104.0000 - start_lostF1: 0.9852 - start_lostF1Count: 1574.0000 - stop_retained_variantF1: 0.0000e+00 - stop_retained_variantF1Count: 128.0000 - coding_sequence_variantF1: 1.0000 - coding_sequence_variantF1Count: 70.0000 - mature_miRNA_variantF1: 0.0000e+00 - mature_miRNA_variantF1Count: 16.0000 - incomplete_terminal_codon_variantF1: 0.0000e+00 - incomplete_terminal_codon_variantF1Count: 29.0000 - RareVariantF1Gnomad: 0.8260 - RareVariantF1GnomadCount: 168927.0000 - CommonVariantF1Gnomad: 0.5251 - CommonVariantF1GnomadCount: 3976794.0000 - RareVariantF1Frq: 0.7978 - RareVariantF1FrqCount: 254490.0000 - CommonVariantF1Frq: 0.4758 - CommonVariantF1FrqCount: 4046926.0000 - ClinvarPathogenicF1: 0.9992 - ClinvarPathogenicF1Count: 45666.0000 - ClinvarBenignF1: 0.6667 - ClinvarBenignF1Count: 621096.0000 - RareVariantWithoutClinvarSupportF1: 0.7859 - RareVariantWithoutClinvarSupportF1Count: 95591.0000 - val_loss: 0.0050 - val_true_positives: 519.0000 - val_true_negatives: 1872806.0000 - val_false_positives: 357.0000 - val_false_negatives: 78.0000 - val_binary_accuracy: 0.9998 - val_auc: 0.9940 - val_precision: 0.5925 - val_recall: 0.8693 - val_MCC: 0.7176 - val_F1: 0.7047 - val_missense_variantF1: 0.7960 - val_missense_variantF1Count: 5454.0000 - val_downstream_gene_variantF1: 0.6993 - val_downstream_gene_variantF1Count: 110902.0000 - val_upstream_gene_variantF1: 0.5562 - val_upstream_gene_variantF1Count: 110869.0000 - val_intron_variantF1: 0.4894 - val_intron_variantF1Count: 733379.0000 - val_non_coding_transcript_exon_variantF1: 0.6000 - val_non_coding_transcript_exon_variantF1Count: 22257.0000 - val_splice_donor_variantF1: 0.7536 - val_splice_donor_variantF1Count: 118.0000 - val_splice_donor_region_variantF1: 0.8333 - val_splice_donor_region_variantF1Count: 173.0000 - val_splice_region_variantF1: 0.6667 - val_splice_region_variantF1Count: 1066.0000 - val_5_prime_UTR_variantF1: 0.6667 - val_5_prime_UTR_variantF1Count: 3343.0000 - val_splice_polypyrimidine_tract_variantF1: 0.6667 - val_splice_polypyrimidine_tract_variantF1Count: 923.0000 - val_3_prime_UTR_variantF1: 0.5000 - val_3_prime_UTR_variantF1Count: 12996.0000 - val_synonymous_variantF1: 0.0000e+00 - val_synonymous_variantF1Count: 2287.0000 - val_frameshift_variantF1: 0.6151 - val_frameshift_variantF1Count: 430.0000 - val_stop_gainedF1: 0.7329 - val_stop_gainedF1Count: 144.0000 - val_splice_acceptor_variantF1: 0.7143 - val_splice_acceptor_variantF1Count: 106.0000 - val_splice_donor_5th_base_variantF1: 0.8000 - val_splice_donor_5th_base_variantF1Count: 68.0000 - val_stop_lostF1: 0.0000e+00 - val_stop_lostF1Count: 14.0000 - val_protein_altering_variantF1: 0.2857 - val_protein_altering_variantF1Count: 7.0000 - val_inframe_insertionF1: 0.5000 - val_inframe_insertionF1Count: 75.0000 - val_inframe_deletionF1: 0.5333 - val_inframe_deletionF1Count: 78.0000 - val_transcript_ablationF1: 0.0000e+00 - val_transcript_ablationF1Count: 0.0000e+00 - val_start_lostF1: 0.7273 - val_start_lostF1Count: 20.0000 - val_stop_retained_variantF1: 0.0000e+00 - val_stop_retained_variantF1Count: 8.0000 - val_coding_sequence_variantF1: 0.0000e+00 - val_coding_sequence_variantF1Count: 2.0000 - val_mature_miRNA_variantF1: 0.0000e+00 - val_mature_miRNA_variantF1Count: 6.0000 - val_incomplete_terminal_codon_variantF1: 0.0000e+00 - val_incomplete_terminal_codon_variantF1Count: 0.0000e+00 - val_RareVariantF1Gnomad: 0.4483 - val_RareVariantF1GnomadCount: 27622.0000 - val_CommonVariantF1Gnomad: 0.1099 - val_CommonVariantF1GnomadCount: 1514367.0000 - val_RareVariantF1Frq: 0.9061 - val_RareVariantF1FrqCount: 60235.0000 - val_CommonVariantF1Frq: 0.1364 - val_CommonVariantF1FrqCount: 1561432.0000 - val_ClinvarPathogenicF1: 0.0000e+00 - val_ClinvarPathogenicF1Count: 0.0000e+00 - val_ClinvarBenignF1: 0.0000e+00 - val_ClinvarBenignF1Count: 0.0000e+00 - val_RareVariantWithoutClinvarSupportF1: 0.4483 - val_RareVariantWithoutClinvarSupportF1Count: 27622.0000 - 5176s/epoch - 147ms/step
Epoch 11/100
2025-05-10 11:22:55.255481: I tensorflow/core/kernels/data/shuffle_dataset_op.cc:392] Filling up shuffle buffer (this may take a while): 187683 of 500000
2025-05-10 11:22:58.456045: I tensorflow/core/kernels/data/shuffle_dataset_op.cc:417] Shuffle buffer filled.
[2025-05-10 11:27:41,018][model:model.py:L385][INFO] 10
[2025-05-10 11:27:41,034][model:model.py:L388][INFO] Saving model to /rdds/tmp/variant-rank-score/models/20250509-185018/saved-models/10-0.0050.keras
35131/35131 - 5243s - loss: 0.2069 - true_positives: 213305.0000 - true_negatives: 5398429.0000 - false_positives: 4525.0000 - false_negatives: 4701.0000 - binary_accuracy: 0.9984 - auc: 0.9986 - precision: 0.9792 - recall: 0.9784 - MCC: 0.9780 - F1: 0.9788 - missense_variantF1: 0.9441 - missense_variantF1Count: 158359.0000 - downstream_gene_variantF1: 0.9745 - downstream_gene_variantF1Count: 376640.0000 - upstream_gene_variantF1: 0.9719 - upstream_gene_variantF1Count: 358472.0000 - intron_variantF1: 0.9642 - intron_variantF1Count: 2009363.0000 - non_coding_transcript_exon_variantF1: 0.8679 - non_coding_transcript_exon_variantF1Count: 264367.0000 - splice_donor_variantF1: 0.9969 - splice_donor_variantF1Count: 16518.0000 - splice_donor_region_variantF1: 0.9443 - splice_donor_region_variantF1Count: 3842.0000 - splice_region_variantF1: 0.9018 - splice_region_variantF1Count: 58743.0000 - 5_prime_UTR_variantF1: 0.8842 - 5_prime_UTR_variantF1Count: 16013.0000 - splice_polypyrimidine_tract_variantF1: 0.8276 - splice_polypyrimidine_tract_variantF1Count: 51653.0000 - 3_prime_UTR_variantF1: 0.9567 - 3_prime_UTR_variantF1Count: 52147.0000 - synonymous_variantF1: 0.6244 - synonymous_variantF1Count: 218135.0000 - frameshift_variantF1: 0.9957 - frameshift_variantF1Count: 81581.0000 - stop_gainedF1: 0.9969 - stop_gainedF1Count: 48509.0000 - splice_acceptor_variantF1: 0.9966 - splice_acceptor_variantF1Count: 14336.0000 - splice_donor_5th_base_variantF1: 0.9774 - splice_donor_5th_base_variantF1Count: 1993.0000 - stop_lostF1: 0.8983 - stop_lostF1Count: 567.0000 - protein_altering_variantF1: 0.9547 - protein_altering_variantF1Count: 233.0000 - inframe_insertionF1: 0.8499 - inframe_insertionF1Count: 1745.0000 - inframe_deletionF1: 0.9411 - inframe_deletionF1Count: 3940.0000 - transcript_ablationF1: 0.9843 - transcript_ablationF1Count: 100.0000 - start_lostF1: 0.9815 - start_lostF1Count: 1591.0000 - stop_retained_variantF1: 0.0000e+00 - stop_retained_variantF1Count: 133.0000 - coding_sequence_variantF1: 1.0000 - coding_sequence_variantF1Count: 68.0000 - mature_miRNA_variantF1: 0.0000e+00 - mature_miRNA_variantF1Count: 14.0000 - incomplete_terminal_codon_variantF1: 0.0000e+00 - incomplete_terminal_codon_variantF1Count: 27.0000 - RareVariantF1Gnomad: 0.8291 - RareVariantF1GnomadCount: 168802.0000 - CommonVariantF1Gnomad: 0.5157 - CommonVariantF1GnomadCount: 3977030.0000 - RareVariantF1Frq: 0.7974 - RareVariantF1FrqCount: 254522.0000 - CommonVariantF1Frq: 0.4861 - CommonVariantF1FrqCount: 4046443.0000 - ClinvarPathogenicF1: 0.9993 - ClinvarPathogenicF1Count: 45614.0000 - ClinvarBenignF1: 0.8000 - ClinvarBenignF1Count: 621052.0000 - RareVariantWithoutClinvarSupportF1: 0.7928 - RareVariantWithoutClinvarSupportF1Count: 95596.0000 - val_loss: 0.0050 - val_true_positives: 515.0000 - val_true_negatives: 1872805.0000 - val_false_positives: 348.0000 - val_false_negatives: 92.0000 - val_binary_accuracy: 0.9998 - val_auc: 0.9966 - val_precision: 0.5968 - val_recall: 0.8484 - val_MCC: 0.7114 - val_F1: 0.7007 - val_missense_variantF1: 0.7752 - val_missense_variantF1Count: 5442.0000 - val_downstream_gene_variantF1: 0.6711 - val_downstream_gene_variantF1Count: 111135.0000 - val_upstream_gene_variantF1: 0.5385 - val_upstream_gene_variantF1Count: 111046.0000 - val_intron_variantF1: 0.4946 - val_intron_variantF1Count: 733448.0000 - val_non_coding_transcript_exon_variantF1: 0.5455 - val_non_coding_transcript_exon_variantF1Count: 22212.0000 - val_splice_donor_variantF1: 0.7397 - val_splice_donor_variantF1Count: 122.0000 - val_splice_donor_region_variantF1: 0.7143 - val_splice_donor_region_variantF1Count: 187.0000 - val_splice_region_variantF1: 0.7273 - val_splice_region_variantF1Count: 1074.0000 - val_5_prime_UTR_variantF1: 0.6667 - val_5_prime_UTR_variantF1Count: 3332.0000 - val_splice_polypyrimidine_tract_variantF1: 0.6154 - val_splice_polypyrimidine_tract_variantF1Count: 925.0000 - val_3_prime_UTR_variantF1: 0.4000 - val_3_prime_UTR_variantF1Count: 13075.0000 - val_synonymous_variantF1: 0.0000e+00 - val_synonymous_variantF1Count: 2305.0000 - val_frameshift_variantF1: 0.6340 - val_frameshift_variantF1Count: 437.0000 - val_stop_gainedF1: 0.7416 - val_stop_gainedF1Count: 154.0000 - val_splice_acceptor_variantF1: 0.6400 - val_splice_acceptor_variantF1Count: 104.0000 - val_splice_donor_5th_base_variantF1: 0.7500 - val_splice_donor_5th_base_variantF1Count: 71.0000 - val_stop_lostF1: 0.0000e+00 - val_stop_lostF1Count: 13.0000 - val_protein_altering_variantF1: 0.2500 - val_protein_altering_variantF1Count: 8.0000 - val_inframe_insertionF1: 0.5000 - val_inframe_insertionF1Count: 70.0000 - val_inframe_deletionF1: 0.6667 - val_inframe_deletionF1Count: 79.0000 - val_transcript_ablationF1: 0.0000e+00 - val_transcript_ablationF1Count: 0.0000e+00 - val_start_lostF1: 0.7143 - val_start_lostF1Count: 21.0000 - val_stop_retained_variantF1: 0.0000e+00 - val_stop_retained_variantF1Count: 10.0000 - val_coding_sequence_variantF1: 0.0000e+00 - val_coding_sequence_variantF1Count: 2.0000 - val_mature_miRNA_variantF1: 0.0000e+00 - val_mature_miRNA_variantF1Count: 7.0000 - val_incomplete_terminal_codon_variantF1: 0.0000e+00 - val_incomplete_terminal_codon_variantF1Count: 1.0000 - val_RareVariantF1Gnomad: 0.3750 - val_RareVariantF1GnomadCount: 27601.0000 - val_CommonVariantF1Gnomad: 0.0909 - val_CommonVariantF1GnomadCount: 1514523.0000 - val_RareVariantF1Frq: 0.8913 - val_RareVariantF1FrqCount: 60331.0000 - val_CommonVariantF1Frq: 0.2062 - val_CommonVariantF1FrqCount: 1561423.0000 - val_ClinvarPathogenicF1: 0.0000e+00 - val_ClinvarPathogenicF1Count: 0.0000e+00 - val_ClinvarBenignF1: 0.0000e+00 - val_ClinvarBenignF1Count: 0.0000e+00 - val_RareVariantWithoutClinvarSupportF1: 0.3750 - val_RareVariantWithoutClinvarSupportF1Count: 27601.0000 - 5243s/epoch - 149ms/step
Epoch 12/100
2025-05-10 12:50:35.656196: I tensorflow/core/kernels/data/shuffle_dataset_op.cc:392] Filling up shuffle buffer (this may take a while): 38105 of 500000
2025-05-10 12:50:40.476406: I tensorflow/core/kernels/data/shuffle_dataset_op.cc:417] Shuffle buffer filled.
[2025-05-10 12:55:28,669][model:model.py:L385][INFO] 11
[2025-05-10 12:55:28,670][model:model.py:L388][INFO] Saving model to /rdds/tmp/variant-rank-score/models/20250509-185018/saved-models/11-0.0049.keras
35131/35131 - 5268s - loss: 0.2074 - true_positives: 213189.0000 - true_negatives: 5398557.0000 - false_positives: 4429.0000 - false_negatives: 4785.0000 - binary_accuracy: 0.9984 - auc: 0.9986 - precision: 0.9796 - recall: 0.9780 - MCC: 0.9780 - F1: 0.9788 - missense_variantF1: 0.9447 - missense_variantF1Count: 158286.0000 - downstream_gene_variantF1: 0.9746 - downstream_gene_variantF1Count: 376668.0000 - upstream_gene_variantF1: 0.9718 - upstream_gene_variantF1Count: 358737.0000 - intron_variantF1: 0.9626 - intron_variantF1Count: 2008906.0000 - non_coding_transcript_exon_variantF1: 0.8681 - non_coding_transcript_exon_variantF1Count: 264819.0000 - splice_donor_variantF1: 0.9970 - splice_donor_variantF1Count: 16564.0000 - splice_donor_region_variantF1: 0.9405 - splice_donor_region_variantF1Count: 3852.0000 - splice_region_variantF1: 0.8917 - splice_region_variantF1Count: 58668.0000 - 5_prime_UTR_variantF1: 0.8752 - 5_prime_UTR_variantF1Count: 16004.0000 - splice_polypyrimidine_tract_variantF1: 0.8097 - splice_polypyrimidine_tract_variantF1Count: 51600.0000 - 3_prime_UTR_variantF1: 0.9605 - 3_prime_UTR_variantF1Count: 52175.0000 - synonymous_variantF1: 0.6697 - synonymous_variantF1Count: 217945.0000 - frameshift_variantF1: 0.9956 - frameshift_variantF1Count: 81475.0000 - stop_gainedF1: 0.9968 - stop_gainedF1Count: 48623.0000 - splice_acceptor_variantF1: 0.9967 - splice_acceptor_variantF1Count: 14473.0000 - splice_donor_5th_base_variantF1: 0.9777 - splice_donor_5th_base_variantF1Count: 2009.0000 - stop_lostF1: 0.9142 - stop_lostF1Count: 553.0000 - protein_altering_variantF1: 0.9571 - protein_altering_variantF1Count: 230.0000 - inframe_insertionF1: 0.8525 - inframe_insertionF1Count: 1751.0000 - inframe_deletionF1: 0.9415 - inframe_deletionF1Count: 3909.0000 - transcript_ablationF1: 1.0000 - transcript_ablationF1Count: 94.0000 - start_lostF1: 0.9839 - start_lostF1Count: 1553.0000 - stop_retained_variantF1: 0.0000e+00 - stop_retained_variantF1Count: 123.0000 - coding_sequence_variantF1: 1.0000 - coding_sequence_variantF1Count: 69.0000 - mature_miRNA_variantF1: 0.0000e+00 - mature_miRNA_variantF1Count: 12.0000 - incomplete_terminal_codon_variantF1: 0.0000e+00 - incomplete_terminal_codon_variantF1Count: 24.0000 - RareVariantF1Gnomad: 0.8323 - RareVariantF1GnomadCount: 168816.0000 - CommonVariantF1Gnomad: 0.5142 - CommonVariantF1GnomadCount: 3975989.0000 - RareVariantF1Frq: 0.8027 - RareVariantF1FrqCount: 254622.0000 - CommonVariantF1Frq: 0.4683 - CommonVariantF1FrqCount: 4045912.0000 - ClinvarPathogenicF1: 0.9992 - ClinvarPathogenicF1Count: 45355.0000 - ClinvarBenignF1: 0.4000 - ClinvarBenignF1Count: 621073.0000 - RareVariantWithoutClinvarSupportF1: 0.7955 - RareVariantWithoutClinvarSupportF1Count: 95734.0000 - val_loss: 0.0049 - val_true_positives: 517.0000 - val_true_negatives: 1872819.0000 - val_false_positives: 342.0000 - val_false_negatives: 82.0000 - val_binary_accuracy: 0.9998 - val_auc: 0.9957 - val_precision: 0.6019 - val_recall: 0.8631 - val_MCC: 0.7206 - val_F1: 0.7092 - val_missense_variantF1: 0.7737 - val_missense_variantF1Count: 5500.0000 - val_downstream_gene_variantF1: 0.6968 - val_downstream_gene_variantF1Count: 111088.0000 - val_upstream_gene_variantF1: 0.5772 - val_upstream_gene_variantF1Count: 110814.0000 - val_intron_variantF1: 0.5625 - val_intron_variantF1Count: 733449.0000 - val_non_coding_transcript_exon_variantF1: 0.5333 - val_non_coding_transcript_exon_variantF1Count: 22257.0000 - val_splice_donor_variantF1: 0.7632 - val_splice_donor_variantF1Count: 126.0000 - val_splice_donor_region_variantF1: 0.8333 - val_splice_donor_region_variantF1Count: 187.0000 - val_splice_region_variantF1: 0.6667 - val_splice_region_variantF1Count: 1080.0000 - val_5_prime_UTR_variantF1: 0.5000 - val_5_prime_UTR_variantF1Count: 3316.0000 - val_splice_polypyrimidine_tract_variantF1: 0.5714 - val_splice_polypyrimidine_tract_variantF1Count: 956.0000 - val_3_prime_UTR_variantF1: 0.5000 - val_3_prime_UTR_variantF1Count: 13070.0000 - val_synonymous_variantF1: 0.0000e+00 - val_synonymous_variantF1Count: 2325.0000 - val_frameshift_variantF1: 0.6327 - val_frameshift_variantF1Count: 424.0000 - val_stop_gainedF1: 0.7578 - val_stop_gainedF1Count: 144.0000 - val_splice_acceptor_variantF1: 0.7059 - val_splice_acceptor_variantF1Count: 103.0000 - val_splice_donor_5th_base_variantF1: 0.8235 - val_splice_donor_5th_base_variantF1Count: 73.0000 - val_stop_lostF1: 0.0000e+00 - val_stop_lostF1Count: 12.0000 - val_protein_altering_variantF1: 0.4444 - val_protein_altering_variantF1Count: 8.0000 - val_inframe_insertionF1: 0.5556 - val_inframe_insertionF1Count: 67.0000 - val_inframe_deletionF1: 0.7407 - val_inframe_deletionF1Count: 87.0000 - val_transcript_ablationF1: 0.0000e+00 - val_transcript_ablationF1Count: 0.0000e+00 - val_start_lostF1: 0.6667 - val_start_lostF1Count: 22.0000 - val_stop_retained_variantF1: 0.0000e+00 - val_stop_retained_variantF1Count: 8.0000 - val_coding_sequence_variantF1: 0.0000e+00 - val_coding_sequence_variantF1Count: 2.0000 - val_mature_miRNA_variantF1: 0.0000e+00 - val_mature_miRNA_variantF1Count: 8.0000 - val_incomplete_terminal_codon_variantF1: 0.0000e+00 - val_incomplete_terminal_codon_variantF1Count: 1.0000 - val_RareVariantF1Gnomad: 0.4490 - val_RareVariantF1GnomadCount: 27573.0000 - val_CommonVariantF1Gnomad: 0.1163 - val_CommonVariantF1GnomadCount: 1514353.0000 - val_RareVariantF1Frq: 0.9028 - val_RareVariantF1FrqCount: 60148.0000 - val_CommonVariantF1Frq: 0.1348 - val_CommonVariantF1FrqCount: 1561319.0000 - val_ClinvarPathogenicF1: 0.0000e+00 - val_ClinvarPathogenicF1Count: 0.0000e+00 - val_ClinvarBenignF1: 0.0000e+00 - val_ClinvarBenignF1Count: 0.0000e+00 - val_RareVariantWithoutClinvarSupportF1: 0.4490 - val_RareVariantWithoutClinvarSupportF1Count: 27573.0000 - 5268s/epoch - 150ms/step
Epoch 13/100
2025-05-10 14:12:35.627929: I tensorflow/core/kernels/data/shuffle_dataset_op.cc:392] Filling up shuffle buffer (this may take a while): 243081 of 500000
2025-05-10 14:12:37.782462: I tensorflow/core/kernels/data/shuffle_dataset_op.cc:417] Shuffle buffer filled.
[2025-05-10 14:17:10,575][model:model.py:L385][INFO] 12
[2025-05-10 14:17:10,576][model:model.py:L388][INFO] Saving model to /rdds/tmp/variant-rank-score/models/20250509-185018/saved-models/12-0.0049.keras
35131/35131 - 4902s - loss: 0.2047 - true_positives: 213400.0000 - true_negatives: 5398398.0000 - false_positives: 4500.0000 - false_negatives: 4662.0000 - binary_accuracy: 0.9984 - auc: 0.9986 - precision: 0.9793 - recall: 0.9786 - MCC: 0.9781 - F1: 0.9790 - missense_variantF1: 0.9449 - missense_variantF1Count: 158235.0000 - downstream_gene_variantF1: 0.9748 - downstream_gene_variantF1Count: 376436.0000 - upstream_gene_variantF1: 0.9729 - upstream_gene_variantF1Count: 358519.0000 - intron_variantF1: 0.9646 - intron_variantF1Count: 2009894.0000 - non_coding_transcript_exon_variantF1: 0.8727 - non_coding_transcript_exon_variantF1Count: 264486.0000 - splice_donor_variantF1: 0.9967 - splice_donor_variantF1Count: 16572.0000 - splice_donor_region_variantF1: 0.9507 - splice_donor_region_variantF1Count: 3823.0000 - splice_region_variantF1: 0.8764 - splice_region_variantF1Count: 58782.0000 - 5_prime_UTR_variantF1: 0.8847 - 5_prime_UTR_variantF1Count: 16114.0000 - splice_polypyrimidine_tract_variantF1: 0.8204 - splice_polypyrimidine_tract_variantF1Count: 51464.0000 - 3_prime_UTR_variantF1: 0.9501 - 3_prime_UTR_variantF1Count: 52169.0000 - synonymous_variantF1: 0.5865 - synonymous_variantF1Count: 217837.0000 - frameshift_variantF1: 0.9957 - frameshift_variantF1Count: 81523.0000 - stop_gainedF1: 0.9970 - stop_gainedF1Count: 48508.0000 - splice_acceptor_variantF1: 0.9970 - splice_acceptor_variantF1Count: 14367.0000 - splice_donor_5th_base_variantF1: 0.9776 - splice_donor_5th_base_variantF1Count: 1993.0000 - stop_lostF1: 0.9170 - stop_lostF1Count: 569.0000 - protein_altering_variantF1: 0.9593 - protein_altering_variantF1Count: 253.0000 - inframe_insertionF1: 0.8436 - inframe_insertionF1Count: 1711.0000 - inframe_deletionF1: 0.9417 - inframe_deletionF1Count: 3918.0000 - transcript_ablationF1: 1.0000 - transcript_ablationF1Count: 99.0000 - start_lostF1: 0.9842 - start_lostF1Count: 1555.0000 - stop_retained_variantF1: 0.0000e+00 - stop_retained_variantF1Count: 133.0000 - coding_sequence_variantF1: 0.9915 - coding_sequence_variantF1Count: 66.0000 - mature_miRNA_variantF1: 0.0000e+00 - mature_miRNA_variantF1Count: 15.0000 - incomplete_terminal_codon_variantF1: 0.0000e+00 - incomplete_terminal_codon_variantF1Count: 30.0000 - RareVariantF1Gnomad: 0.8305 - RareVariantF1GnomadCount: 168974.0000 - CommonVariantF1Gnomad: 0.5053 - CommonVariantF1GnomadCount: 3976849.0000 - RareVariantF1Frq: 0.7999 - RareVariantF1FrqCount: 254625.0000 - CommonVariantF1Frq: 0.4601 - CommonVariantF1FrqCount: 4046377.0000 - ClinvarPathogenicF1: 0.9992 - ClinvarPathogenicF1Count: 45676.0000 - ClinvarBenignF1: 0.7692 - ClinvarBenignF1Count: 620939.0000 - RareVariantWithoutClinvarSupportF1: 0.7944 - RareVariantWithoutClinvarSupportF1Count: 95674.0000 - val_loss: 0.0049 - val_true_positives: 536.0000 - val_true_negatives: 1872797.0000 - val_false_positives: 351.0000 - val_false_negatives: 76.0000 - val_binary_accuracy: 0.9998 - val_auc: 0.9942 - val_precision: 0.6043 - val_recall: 0.8758 - val_MCC: 0.7274 - val_F1: 0.7151 - val_missense_variantF1: 0.7986 - val_missense_variantF1Count: 5431.0000 - val_downstream_gene_variantF1: 0.6849 - val_downstream_gene_variantF1Count: 110955.0000 - val_upstream_gene_variantF1: 0.5676 - val_upstream_gene_variantF1Count: 110771.0000 - val_intron_variantF1: 0.5294 - val_intron_variantF1Count: 733383.0000 - val_non_coding_transcript_exon_variantF1: 0.4000 - val_non_coding_transcript_exon_variantF1Count: 22295.0000 - val_splice_donor_variantF1: 0.7324 - val_splice_donor_variantF1Count: 124.0000 - val_splice_donor_region_variantF1: 0.8333 - val_splice_donor_region_variantF1Count: 184.0000 - val_splice_region_variantF1: 0.6667 - val_splice_region_variantF1Count: 1069.0000 - val_5_prime_UTR_variantF1: 0.6667 - val_5_prime_UTR_variantF1Count: 3274.0000 - val_splice_polypyrimidine_tract_variantF1: 0.8000 - val_splice_polypyrimidine_tract_variantF1Count: 926.0000 - val_3_prime_UTR_variantF1: 0.4000 - val_3_prime_UTR_variantF1Count: 13097.0000 - val_synonymous_variantF1: 0.0000e+00 - val_synonymous_variantF1Count: 2303.0000 - val_frameshift_variantF1: 0.6338 - val_frameshift_variantF1Count: 437.0000 - val_stop_gainedF1: 0.7368 - val_stop_gainedF1Count: 155.0000 - val_splice_acceptor_variantF1: 0.7667 - val_splice_acceptor_variantF1Count: 112.0000 - val_splice_donor_5th_base_variantF1: 0.8235 - val_splice_donor_5th_base_variantF1Count: 64.0000 - val_stop_lostF1: 0.0000e+00 - val_stop_lostF1Count: 12.0000 - val_protein_altering_variantF1: 0.2222 - val_protein_altering_variantF1Count: 9.0000 - val_inframe_insertionF1: 0.5263 - val_inframe_insertionF1Count: 63.0000 - val_inframe_deletionF1: 0.5517 - val_inframe_deletionF1Count: 82.0000 - val_transcript_ablationF1: 0.0000e+00 - val_transcript_ablationF1Count: 0.0000e+00 - val_start_lostF1: 0.7692 - val_start_lostF1Count: 22.0000 - val_stop_retained_variantF1: 0.0000e+00 - val_stop_retained_variantF1Count: 8.0000 - val_coding_sequence_variantF1: 0.0000e+00 - val_coding_sequence_variantF1Count: 2.0000 - val_mature_miRNA_variantF1: 0.0000e+00 - val_mature_miRNA_variantF1Count: 7.0000 - val_incomplete_terminal_codon_variantF1: 0.0000e+00 - val_incomplete_terminal_codon_variantF1Count: 1.0000 - val_RareVariantF1Gnomad: 0.3673 - val_RareVariantF1GnomadCount: 27728.0000 - val_CommonVariantF1Gnomad: 0.1075 - val_CommonVariantF1GnomadCount: 1513993.0000 - val_RareVariantF1Frq: 0.9115 - val_RareVariantF1FrqCount: 60258.0000 - val_CommonVariantF1Frq: 0.1818 - val_CommonVariantF1FrqCount: 1560993.0000 - val_ClinvarPathogenicF1: 0.0000e+00 - val_ClinvarPathogenicF1Count: 0.0000e+00 - val_ClinvarBenignF1: 0.0000e+00 - val_ClinvarBenignF1Count: 0.0000e+00 - val_RareVariantWithoutClinvarSupportF1: 0.3673 - val_RareVariantWithoutClinvarSupportF1Count: 27728.0000 - 4902s/epoch - 140ms/step
Epoch 14/100
2025-05-10 15:38:33.301022: I tensorflow/core/kernels/data/shuffle_dataset_op.cc:392] Filling up shuffle buffer (this may take a while): 252830 of 500000
2025-05-10 15:38:35.561598: I tensorflow/core/kernels/data/shuffle_dataset_op.cc:417] Shuffle buffer filled.
[2025-05-10 15:43:04,547][model:model.py:L385][INFO] 13
[2025-05-10 15:43:04,560][model:model.py:L388][INFO] Saving model to /rdds/tmp/variant-rank-score/models/20250509-185018/saved-models/13-0.0048.keras
35131/35131 - 5154s - loss: 0.2021 - true_positives: 213508.0000 - true_negatives: 5398365.0000 - false_positives: 4434.0000 - false_negatives: 4653.0000 - binary_accuracy: 0.9984 - auc: 0.9986 - precision: 0.9797 - recall: 0.9787 - MCC: 0.9783 - F1: 0.9792 - missense_variantF1: 0.9448 - missense_variantF1Count: 158145.0000 - downstream_gene_variantF1: 0.9753 - downstream_gene_variantF1Count: 376709.0000 - upstream_gene_variantF1: 0.9726 - upstream_gene_variantF1Count: 358730.0000 - intron_variantF1: 0.9626 - intron_variantF1Count: 2008380.0000 - non_coding_transcript_exon_variantF1: 0.8728 - non_coding_transcript_exon_variantF1Count: 264374.0000 - splice_donor_variantF1: 0.9970 - splice_donor_variantF1Count: 16644.0000 - splice_donor_region_variantF1: 0.9314 - splice_donor_region_variantF1Count: 3824.0000 - splice_region_variantF1: 0.8970 - splice_region_variantF1Count: 58745.0000 - 5_prime_UTR_variantF1: 0.8682 - 5_prime_UTR_variantF1Count: 16068.0000 - splice_polypyrimidine_tract_variantF1: 0.8370 - splice_polypyrimidine_tract_variantF1Count: 51622.0000 - 3_prime_UTR_variantF1: 0.9588 - 3_prime_UTR_variantF1Count: 52102.0000 - synonymous_variantF1: 0.6835 - synonymous_variantF1Count: 218083.0000 - frameshift_variantF1: 0.9958 - frameshift_variantF1Count: 81598.0000 - stop_gainedF1: 0.9971 - stop_gainedF1Count: 48557.0000 - splice_acceptor_variantF1: 0.9969 - splice_acceptor_variantF1Count: 14368.0000 - splice_donor_5th_base_variantF1: 0.9763 - splice_donor_5th_base_variantF1Count: 2009.0000 - stop_lostF1: 0.9349 - stop_lostF1Count: 564.0000 - protein_altering_variantF1: 0.9548 - protein_altering_variantF1Count: 220.0000 - inframe_insertionF1: 0.8498 - inframe_insertionF1Count: 1744.0000 - inframe_deletionF1: 0.9433 - inframe_deletionF1Count: 3952.0000 - transcript_ablationF1: 1.0000 - transcript_ablationF1Count: 106.0000 - start_lostF1: 0.9838 - start_lostF1Count: 1586.0000 - stop_retained_variantF1: 0.0000e+00 - stop_retained_variantF1Count: 124.0000 - coding_sequence_variantF1: 1.0000 - coding_sequence_variantF1Count: 73.0000 - mature_miRNA_variantF1: 0.0000e+00 - mature_miRNA_variantF1Count: 13.0000 - incomplete_terminal_codon_variantF1: 0.0000e+00 - incomplete_terminal_codon_variantF1Count: 27.0000 - RareVariantF1Gnomad: 0.8241 - RareVariantF1GnomadCount: 168857.0000 - CommonVariantF1Gnomad: 0.5173 - CommonVariantF1GnomadCount: 3976510.0000 - RareVariantF1Frq: 0.8008 - RareVariantF1FrqCount: 254415.0000 - CommonVariantF1Frq: 0.4626 - CommonVariantF1FrqCount: 4046419.0000 - ClinvarPathogenicF1: 0.9992 - ClinvarPathogenicF1Count: 45653.0000 - ClinvarBenignF1: 0.8889 - ClinvarBenignF1Count: 621026.0000 - RareVariantWithoutClinvarSupportF1: 0.7860 - RareVariantWithoutClinvarSupportF1Count: 95573.0000 - val_loss: 0.0048 - val_true_positives: 520.0000 - val_true_negatives: 1872827.0000 - val_false_positives: 324.0000 - val_false_negatives: 89.0000 - val_binary_accuracy: 0.9998 - val_auc: 0.9941 - val_precision: 0.6161 - val_recall: 0.8539 - val_MCC: 0.7252 - val_F1: 0.7158 - val_missense_variantF1: 0.7902 - val_missense_variantF1Count: 5427.0000 - val_downstream_gene_variantF1: 0.6883 - val_downstream_gene_variantF1Count: 111026.0000 - val_upstream_gene_variantF1: 0.5695 - val_upstream_gene_variantF1Count: 111004.0000 - val_intron_variantF1: 0.5400 - val_intron_variantF1Count: 733179.0000 - val_non_coding_transcript_exon_variantF1: 0.3636 - val_non_coding_transcript_exon_variantF1Count: 22239.0000 - val_splice_donor_variantF1: 0.7532 - val_splice_donor_variantF1Count: 126.0000 - val_splice_donor_region_variantF1: 0.8333 - val_splice_donor_region_variantF1Count: 187.0000 - val_splice_region_variantF1: 0.6154 - val_splice_region_variantF1Count: 1076.0000 - val_5_prime_UTR_variantF1: 0.0000e+00 - val_5_prime_UTR_variantF1Count: 3294.0000 - val_splice_polypyrimidine_tract_variantF1: 0.6154 - val_splice_polypyrimidine_tract_variantF1Count: 920.0000 - val_3_prime_UTR_variantF1: 0.6667 - val_3_prime_UTR_variantF1Count: 13008.0000 - val_synonymous_variantF1: 0.0000e+00 - val_synonymous_variantF1Count: 2295.0000 - val_frameshift_variantF1: 0.6318 - val_frameshift_variantF1Count: 415.0000 - val_stop_gainedF1: 0.7529 - val_stop_gainedF1Count: 153.0000 - val_splice_acceptor_variantF1: 0.8000 - val_splice_acceptor_variantF1Count: 98.0000 - val_splice_donor_5th_base_variantF1: 0.8000 - val_splice_donor_5th_base_variantF1Count: 68.0000 - val_stop_lostF1: 0.0000e+00 - val_stop_lostF1Count: 13.0000 - val_protein_altering_variantF1: 0.4000 - val_protein_altering_variantF1Count: 9.0000 - val_inframe_insertionF1: 0.4706 - val_inframe_insertionF1Count: 63.0000 - val_inframe_deletionF1: 0.6667 - val_inframe_deletionF1Count: 85.0000 - val_transcript_ablationF1: 0.0000e+00 - val_transcript_ablationF1Count: 0.0000e+00 - val_start_lostF1: 0.7273 - val_start_lostF1Count: 22.0000 - val_stop_retained_variantF1: 0.0000e+00 - val_stop_retained_variantF1Count: 8.0000 - val_coding_sequence_variantF1: 0.0000e+00 - val_coding_sequence_variantF1Count: 2.0000 - val_mature_miRNA_variantF1: 0.0000e+00 - val_mature_miRNA_variantF1Count: 7.0000 - val_incomplete_terminal_codon_variantF1: 0.0000e+00 - val_incomplete_terminal_codon_variantF1Count: 1.0000 - val_RareVariantF1Gnomad: 0.4706 - val_RareVariantF1GnomadCount: 27560.0000 - val_CommonVariantF1Gnomad: 0.0750 - val_CommonVariantF1GnomadCount: 1514266.0000 - val_RareVariantF1Frq: 0.8970 - val_RareVariantF1FrqCount: 60112.0000 - val_CommonVariantF1Frq: 0.1609 - val_CommonVariantF1FrqCount: 1561293.0000 - val_ClinvarPathogenicF1: 0.0000e+00 - val_ClinvarPathogenicF1Count: 0.0000e+00 - val_ClinvarBenignF1: 0.0000e+00 - val_ClinvarBenignF1Count: 0.0000e+00 - val_RareVariantWithoutClinvarSupportF1: 0.4706 - val_RareVariantWithoutClinvarSupportF1Count: 27560.0000 - 5154s/epoch - 147ms/step
Epoch 15/100
2025-05-10 17:02:47.120216: I tensorflow/core/kernels/data/shuffle_dataset_op.cc:392] Filling up shuffle buffer (this may take a while): 326007 of 500000
2025-05-10 17:02:48.585153: I tensorflow/core/kernels/data/shuffle_dataset_op.cc:417] Shuffle buffer filled.
[2025-05-10 17:07:37,148][model:model.py:L385][INFO] 14
[2025-05-10 17:07:37,149][model:model.py:L388][INFO] Saving model to /rdds/tmp/variant-rank-score/models/20250509-185018/saved-models/14-0.0050.keras
35131/35131 - 5073s - loss: 0.2040 - true_positives: 213113.0000 - true_negatives: 5398665.0000 - false_positives: 4457.0000 - false_negatives: 4725.0000 - binary_accuracy: 0.9984 - auc: 0.9986 - precision: 0.9795 - recall: 0.9783 - MCC: 0.9781 - F1: 0.9789 - missense_variantF1: 0.9444 - missense_variantF1Count: 158370.0000 - downstream_gene_variantF1: 0.9757 - downstream_gene_variantF1Count: 376493.0000 - upstream_gene_variantF1: 0.9710 - upstream_gene_variantF1Count: 358572.0000 - intron_variantF1: 0.9639 - intron_variantF1Count: 2009431.0000 - non_coding_transcript_exon_variantF1: 0.8699 - non_coding_transcript_exon_variantF1Count: 264787.0000 - splice_donor_variantF1: 0.9972 - splice_donor_variantF1Count: 16476.0000 - splice_donor_region_variantF1: 0.9455 - splice_donor_region_variantF1Count: 3821.0000 - splice_region_variantF1: 0.8867 - splice_region_variantF1Count: 58729.0000 - 5_prime_UTR_variantF1: 0.8828 - 5_prime_UTR_variantF1Count: 16060.0000 - splice_polypyrimidine_tract_variantF1: 0.8353 - splice_polypyrimidine_tract_variantF1Count: 51685.0000 - 3_prime_UTR_variantF1: 0.9543 - 3_prime_UTR_variantF1Count: 52133.0000 - synonymous_variantF1: 0.5872 - synonymous_variantF1Count: 217815.0000 - frameshift_variantF1: 0.9957 - frameshift_variantF1Count: 81510.0000 - stop_gainedF1: 0.9969 - stop_gainedF1Count: 48481.0000 - splice_acceptor_variantF1: 0.9970 - splice_acceptor_variantF1Count: 14424.0000 - splice_donor_5th_base_variantF1: 0.9772 - splice_donor_5th_base_variantF1Count: 1994.0000 - stop_lostF1: 0.9234 - stop_lostF1Count: 574.0000 - protein_altering_variantF1: 0.9630 - protein_altering_variantF1Count: 237.0000 - inframe_insertionF1: 0.8444 - inframe_insertionF1Count: 1698.0000 - inframe_deletionF1: 0.9429 - inframe_deletionF1Count: 3891.0000 - transcript_ablationF1: 0.9894 - transcript_ablationF1Count: 97.0000 - start_lostF1: 0.9871 - start_lostF1Count: 1579.0000 - stop_retained_variantF1: 0.0000e+00 - stop_retained_variantF1Count: 131.0000 - coding_sequence_variantF1: 0.9917 - coding_sequence_variantF1Count: 68.0000 - mature_miRNA_variantF1: 0.0000e+00 - mature_miRNA_variantF1Count: 17.0000 - incomplete_terminal_codon_variantF1: 0.0000e+00 - incomplete_terminal_codon_variantF1Count: 26.0000 - RareVariantF1Gnomad: 0.8278 - RareVariantF1GnomadCount: 168842.0000 - CommonVariantF1Gnomad: 0.5145 - CommonVariantF1GnomadCount: 3976984.0000 - RareVariantF1Frq: 0.8042 - RareVariantF1FrqCount: 254518.0000 - CommonVariantF1Frq: 0.4807 - CommonVariantF1FrqCount: 4046535.0000 - ClinvarPathogenicF1: 0.9992 - ClinvarPathogenicF1Count: 45624.0000 - ClinvarBenignF1: 0.6000 - ClinvarBenignF1Count: 621173.0000 - RareVariantWithoutClinvarSupportF1: 0.7894 - RareVariantWithoutClinvarSupportF1Count: 95561.0000 - val_loss: 0.0050 - val_true_positives: 533.0000 - val_true_negatives: 1872766.0000 - val_false_positives: 379.0000 - val_false_negatives: 82.0000 - val_binary_accuracy: 0.9998 - val_auc: 0.9958 - val_precision: 0.5844 - val_recall: 0.8667 - val_MCC: 0.7116 - val_F1: 0.6981 - val_missense_variantF1: 0.7765 - val_missense_variantF1Count: 5431.0000 - val_downstream_gene_variantF1: 0.6933 - val_downstream_gene_variantF1Count: 111134.0000 - val_upstream_gene_variantF1: 0.5647 - val_upstream_gene_variantF1Count: 111085.0000 - val_intron_variantF1: 0.5047 - val_intron_variantF1Count: 733263.0000 - val_non_coding_transcript_exon_variantF1: 0.4615 - val_non_coding_transcript_exon_variantF1Count: 22250.0000 - val_splice_donor_variantF1: 0.7200 - val_splice_donor_variantF1Count: 123.0000 - val_splice_donor_region_variantF1: 0.8000 - val_splice_donor_region_variantF1Count: 181.0000 - val_splice_region_variantF1: 0.6000 - val_splice_region_variantF1Count: 1081.0000 - val_5_prime_UTR_variantF1: 0.5000 - val_5_prime_UTR_variantF1Count: 3313.0000 - val_splice_polypyrimidine_tract_variantF1: 0.6667 - val_splice_polypyrimidine_tract_variantF1Count: 942.0000 - val_3_prime_UTR_variantF1: 0.5000 - val_3_prime_UTR_variantF1Count: 13008.0000 - val_synonymous_variantF1: 0.0000e+00 - val_synonymous_variantF1Count: 2267.0000 - val_frameshift_variantF1: 0.6314 - val_frameshift_variantF1Count: 442.0000 - val_stop_gainedF1: 0.7485 - val_stop_gainedF1Count: 152.0000 - val_splice_acceptor_variantF1: 0.7018 - val_splice_acceptor_variantF1Count: 103.0000 - val_splice_donor_5th_base_variantF1: 0.7778 - val_splice_donor_5th_base_variantF1Count: 73.0000 - val_stop_lostF1: 0.0000e+00 - val_stop_lostF1Count: 12.0000 - val_protein_altering_variantF1: 0.2222 - val_protein_altering_variantF1Count: 9.0000 - val_inframe_insertionF1: 0.4762 - val_inframe_insertionF1Count: 76.0000 - val_inframe_deletionF1: 0.5185 - val_inframe_deletionF1Count: 80.0000 - val_transcript_ablationF1: 0.0000e+00 - val_transcript_ablationF1Count: 0.0000e+00 - val_start_lostF1: 0.7273 - val_start_lostF1Count: 22.0000 - val_stop_retained_variantF1: 0.0000e+00 - val_stop_retained_variantF1Count: 8.0000 - val_coding_sequence_variantF1: 0.0000e+00 - val_coding_sequence_variantF1Count: 1.0000 - val_mature_miRNA_variantF1: 0.0000e+00 - val_mature_miRNA_variantF1Count: 7.0000 - val_incomplete_terminal_codon_variantF1: 0.0000e+00 - val_incomplete_terminal_codon_variantF1Count: 1.0000 - val_RareVariantF1Gnomad: 0.4211 - val_RareVariantF1GnomadCount: 27611.0000 - val_CommonVariantF1Gnomad: 0.0377 - val_CommonVariantF1GnomadCount: 1514257.0000 - val_RareVariantF1Frq: 0.9038 - val_RareVariantF1FrqCount: 60419.0000 - val_CommonVariantF1Frq: 0.1391 - val_CommonVariantF1FrqCount: 1561263.0000 - val_ClinvarPathogenicF1: 0.0000e+00 - val_ClinvarPathogenicF1Count: 0.0000e+00 - val_ClinvarBenignF1: 0.0000e+00 - val_ClinvarBenignF1Count: 0.0000e+00 - val_RareVariantWithoutClinvarSupportF1: 0.4211 - val_RareVariantWithoutClinvarSupportF1Count: 27611.0000 - 5073s/epoch - 144ms/step
Epoch 16/100
2025-05-10 18:30:27.496366: I tensorflow/core/kernels/data/shuffle_dataset_op.cc:392] Filling up shuffle buffer (this may take a while): 189628 of 500000
2025-05-10 18:30:30.323534: I tensorflow/core/kernels/data/shuffle_dataset_op.cc:417] Shuffle buffer filled.
[2025-05-10 18:35:13,290][model:model.py:L385][INFO] 15
[2025-05-10 18:35:13,302][model:model.py:L388][INFO] Saving model to /rdds/tmp/variant-rank-score/models/20250509-185018/saved-models/15-0.0049.keras
35131/35131 - 5256s - loss: 0.1990 - true_positives: 213608.0000 - true_negatives: 5398290.0000 - false_positives: 4512.0000 - false_negatives: 4550.0000 - binary_accuracy: 0.9984 - auc: 0.9987 - precision: 0.9793 - recall: 0.9791 - MCC: 0.9784 - F1: 0.9792 - missense_variantF1: 0.9445 - missense_variantF1Count: 158360.0000 - downstream_gene_variantF1: 0.9756 - downstream_gene_variantF1Count: 376468.0000 - upstream_gene_variantF1: 0.9735 - upstream_gene_variantF1Count: 358605.0000 - intron_variantF1: 0.9654 - intron_variantF1Count: 2009474.0000 - non_coding_transcript_exon_variantF1: 0.8736 - non_coding_transcript_exon_variantF1Count: 264676.0000 - splice_donor_variantF1: 0.9967 - splice_donor_variantF1Count: 16668.0000 - splice_donor_region_variantF1: 0.9407 - splice_donor_region_variantF1Count: 3820.0000 - splice_region_variantF1: 0.8959 - splice_region_variantF1Count: 58756.0000 - 5_prime_UTR_variantF1: 0.8620 - 5_prime_UTR_variantF1Count: 16066.0000 - splice_polypyrimidine_tract_variantF1: 0.8499 - splice_polypyrimidine_tract_variantF1Count: 51471.0000 - 3_prime_UTR_variantF1: 0.9648 - 3_prime_UTR_variantF1Count: 52100.0000 - synonymous_variantF1: 0.5972 - synonymous_variantF1Count: 217834.0000 - frameshift_variantF1: 0.9958 - frameshift_variantF1Count: 81429.0000 - stop_gainedF1: 0.9969 - stop_gainedF1Count: 48642.0000 - splice_acceptor_variantF1: 0.9971 - splice_acceptor_variantF1Count: 14419.0000 - splice_donor_5th_base_variantF1: 0.9754 - splice_donor_5th_base_variantF1Count: 1986.0000 - stop_lostF1: 0.9201 - stop_lostF1Count: 558.0000 - protein_altering_variantF1: 0.9586 - protein_altering_variantF1Count: 240.0000 - inframe_insertionF1: 0.8562 - inframe_insertionF1Count: 1728.0000 - inframe_deletionF1: 0.9451 - inframe_deletionF1Count: 3943.0000 - transcript_ablationF1: 1.0000 - transcript_ablationF1Count: 98.0000 - start_lostF1: 0.9863 - start_lostF1Count: 1560.0000 - stop_retained_variantF1: 0.0000e+00 - stop_retained_variantF1Count: 128.0000 - coding_sequence_variantF1: 1.0000 - coding_sequence_variantF1Count: 68.0000 - mature_miRNA_variantF1: 0.0000e+00 - mature_miRNA_variantF1Count: 13.0000 - incomplete_terminal_codon_variantF1: 0.0000e+00 - incomplete_terminal_codon_variantF1Count: 27.0000 - RareVariantF1Gnomad: 0.8342 - RareVariantF1GnomadCount: 168963.0000 - CommonVariantF1Gnomad: 0.5054 - CommonVariantF1GnomadCount: 3976268.0000 - RareVariantF1Frq: 0.8011 - RareVariantF1FrqCount: 254861.0000 - CommonVariantF1Frq: 0.4640 - CommonVariantF1FrqCount: 4045588.0000 - ClinvarPathogenicF1: 0.9991 - ClinvarPathogenicF1Count: 45692.0000 - ClinvarBenignF1: 0.8571 - ClinvarBenignF1Count: 621085.0000 - RareVariantWithoutClinvarSupportF1: 0.7984 - RareVariantWithoutClinvarSupportF1Count: 95725.0000 - val_loss: 0.0049 - val_true_positives: 537.0000 - val_true_negatives: 1872808.0000 - val_false_positives: 336.0000 - val_false_negatives: 79.0000 - val_binary_accuracy: 0.9998 - val_auc: 0.9958 - val_precision: 0.6151 - val_recall: 0.8718 - val_MCC: 0.7322 - val_F1: 0.7213 - val_missense_variantF1: 0.7939 - val_missense_variantF1Count: 5456.0000 - val_downstream_gene_variantF1: 0.7105 - val_downstream_gene_variantF1Count: 110931.0000 - val_upstream_gene_variantF1: 0.5600 - val_upstream_gene_variantF1Count: 111045.0000 - val_intron_variantF1: 0.5421 - val_intron_variantF1Count: 733686.0000 - val_non_coding_transcript_exon_variantF1: 0.5000 - val_non_coding_transcript_exon_variantF1Count: 22287.0000 - val_splice_donor_variantF1: 0.7812 - val_splice_donor_variantF1Count: 115.0000 - val_splice_donor_region_variantF1: 0.7143 - val_splice_donor_region_variantF1Count: 179.0000 - val_splice_region_variantF1: 0.7273 - val_splice_region_variantF1Count: 1068.0000 - val_5_prime_UTR_variantF1: 0.6667 - val_5_prime_UTR_variantF1Count: 3327.0000 - val_splice_polypyrimidine_tract_variantF1: 0.7143 - val_splice_polypyrimidine_tract_variantF1Count: 908.0000 - val_3_prime_UTR_variantF1: 0.5000 - val_3_prime_UTR_variantF1Count: 12999.0000 - val_synonymous_variantF1: 0.0000e+00 - val_synonymous_variantF1Count: 2305.0000 - val_frameshift_variantF1: 0.6483 - val_frameshift_variantF1Count: 435.0000 - val_stop_gainedF1: 0.7528 - val_stop_gainedF1Count: 153.0000 - val_splice_acceptor_variantF1: 0.7347 - val_splice_acceptor_variantF1Count: 107.0000 - val_splice_donor_5th_base_variantF1: 0.8889 - val_splice_donor_5th_base_variantF1Count: 70.0000 - val_stop_lostF1: 0.0000e+00 - val_stop_lostF1Count: 12.0000 - val_protein_altering_variantF1: 0.4000 - val_protein_altering_variantF1Count: 9.0000 - val_inframe_insertionF1: 0.4706 - val_inframe_insertionF1Count: 70.0000 - val_inframe_deletionF1: 0.7200 - val_inframe_deletionF1Count: 77.0000 - val_transcript_ablationF1: 0.0000e+00 - val_transcript_ablationF1Count: 0.0000e+00 - val_start_lostF1: 0.6667 - val_start_lostF1Count: 19.0000 - val_stop_retained_variantF1: 0.0000e+00 - val_stop_retained_variantF1Count: 7.0000 - val_coding_sequence_variantF1: 0.0000e+00 - val_coding_sequence_variantF1Count: 2.0000 - val_mature_miRNA_variantF1: 0.0000e+00 - val_mature_miRNA_variantF1Count: 4.0000 - val_incomplete_terminal_codon_variantF1: 0.0000e+00 - val_incomplete_terminal_codon_variantF1Count: 1.0000 - val_RareVariantF1Gnomad: 0.4444 - val_RareVariantF1GnomadCount: 27590.0000 - val_CommonVariantF1Gnomad: 0.1136 - val_CommonVariantF1GnomadCount: 1514414.0000 - val_RareVariantF1Frq: 0.9065 - val_RareVariantF1FrqCount: 60314.0000 - val_CommonVariantF1Frq: 0.2022 - val_CommonVariantF1FrqCount: 1561101.0000 - val_ClinvarPathogenicF1: 0.0000e+00 - val_ClinvarPathogenicF1Count: 0.0000e+00 - val_ClinvarBenignF1: 0.0000e+00 - val_ClinvarBenignF1Count: 0.0000e+00 - val_RareVariantWithoutClinvarSupportF1: 0.4444 - val_RareVariantWithoutClinvarSupportF1Count: 27590.0000 - 5256s/epoch - 150ms/step
Epoch 17/100
2025-05-10 19:58:54.229111: I tensorflow/core/kernels/data/shuffle_dataset_op.cc:392] Filling up shuffle buffer (this may take a while): 394477 of 500000
2025-05-10 19:58:55.086088: I tensorflow/core/kernels/data/shuffle_dataset_op.cc:417] Shuffle buffer filled.
[2025-05-10 20:03:20,021][model:model.py:L385][INFO] 16
[2025-05-10 20:03:20,021][model:model.py:L388][INFO] Saving model to /rdds/tmp/variant-rank-score/models/20250509-185018/saved-models/16-0.0050.keras
35131/35131 - 5287s - loss: 0.2007 - true_positives: 213514.0000 - true_negatives: 5398487.0000 - false_positives: 4401.0000 - false_negatives: 4558.0000 - binary_accuracy: 0.9984 - auc: 0.9986 - precision: 0.9798 - recall: 0.9791 - MCC: 0.9786 - F1: 0.9795 - missense_variantF1: 0.9459 - missense_variantF1Count: 158172.0000 - downstream_gene_variantF1: 0.9758 - downstream_gene_variantF1Count: 376481.0000 - upstream_gene_variantF1: 0.9731 - upstream_gene_variantF1Count: 358613.0000 - intron_variantF1: 0.9641 - intron_variantF1Count: 2009414.0000 - non_coding_transcript_exon_variantF1: 0.8787 - non_coding_transcript_exon_variantF1Count: 264489.0000 - splice_donor_variantF1: 0.9968 - splice_donor_variantF1Count: 16525.0000 - splice_donor_region_variantF1: 0.9455 - splice_donor_region_variantF1Count: 3818.0000 - splice_region_variantF1: 0.8912 - splice_region_variantF1Count: 58670.0000 - 5_prime_UTR_variantF1: 0.8600 - 5_prime_UTR_variantF1Count: 16023.0000 - splice_polypyrimidine_tract_variantF1: 0.8296 - splice_polypyrimidine_tract_variantF1Count: 51728.0000 - 3_prime_UTR_variantF1: 0.9614 - 3_prime_UTR_variantF1Count: 52082.0000 - synonymous_variantF1: 0.5893 - synonymous_variantF1Count: 217949.0000 - frameshift_variantF1: 0.9957 - frameshift_variantF1Count: 81620.0000 - stop_gainedF1: 0.9972 - stop_gainedF1Count: 48489.0000 - splice_acceptor_variantF1: 0.9971 - splice_acceptor_variantF1Count: 14431.0000 - splice_donor_5th_base_variantF1: 0.9720 - splice_donor_5th_base_variantF1Count: 2000.0000 - stop_lostF1: 0.9219 - stop_lostF1Count: 562.0000 - protein_altering_variantF1: 0.9605 - protein_altering_variantF1Count: 232.0000 - inframe_insertionF1: 0.8672 - inframe_insertionF1Count: 1733.0000 - inframe_deletionF1: 0.9415 - inframe_deletionF1Count: 3899.0000 - transcript_ablationF1: 0.9948 - transcript_ablationF1Count: 99.0000 - start_lostF1: 0.9863 - start_lostF1Count: 1588.0000 - stop_retained_variantF1: 0.0000e+00 - stop_retained_variantF1Count: 131.0000 - coding_sequence_variantF1: 1.0000 - coding_sequence_variantF1Count: 69.0000 - mature_miRNA_variantF1: 0.0000e+00 - mature_miRNA_variantF1Count: 12.0000 - incomplete_terminal_codon_variantF1: 0.0000e+00 - incomplete_terminal_codon_variantF1Count: 26.0000 - RareVariantF1Gnomad: 0.8251 - RareVariantF1GnomadCount: 168725.0000 - CommonVariantF1Gnomad: 0.5181 - CommonVariantF1GnomadCount: 3976646.0000 - RareVariantF1Frq: 0.8006 - RareVariantF1FrqCount: 254588.0000 - CommonVariantF1Frq: 0.4712 - CommonVariantF1FrqCount: 4046607.0000 - ClinvarPathogenicF1: 0.9992 - ClinvarPathogenicF1Count: 45168.0000 - ClinvarBenignF1: 0.8571 - ClinvarBenignF1Count: 621253.0000 - RareVariantWithoutClinvarSupportF1: 0.7862 - RareVariantWithoutClinvarSupportF1Count: 95533.0000 - val_loss: 0.0050 - val_true_positives: 536.0000 - val_true_negatives: 1872758.0000 - val_false_positives: 388.0000 - val_false_negatives: 78.0000 - val_binary_accuracy: 0.9998 - val_auc: 0.9958 - val_precision: 0.5801 - val_recall: 0.8730 - val_MCC: 0.7115 - val_F1: 0.6970 - val_missense_variantF1: 0.7887 - val_missense_variantF1Count: 5437.0000 - val_downstream_gene_variantF1: 0.6590 - val_downstream_gene_variantF1Count: 111011.0000 - val_upstream_gene_variantF1: 0.5529 - val_upstream_gene_variantF1Count: 110858.0000 - val_intron_variantF1: 0.4800 - val_intron_variantF1Count: 733059.0000 - val_non_coding_transcript_exon_variantF1: 0.5000 - val_non_coding_transcript_exon_variantF1Count: 22254.0000 - val_splice_donor_variantF1: 0.7397 - val_splice_donor_variantF1Count: 120.0000 - val_splice_donor_region_variantF1: 0.7500 - val_splice_donor_region_variantF1Count: 184.0000 - val_splice_region_variantF1: 0.4444 - val_splice_region_variantF1Count: 1086.0000 - val_5_prime_UTR_variantF1: 0.4000 - val_5_prime_UTR_variantF1Count: 3309.0000 - val_splice_polypyrimidine_tract_variantF1: 0.6154 - val_splice_polypyrimidine_tract_variantF1Count: 926.0000 - val_3_prime_UTR_variantF1: 0.0000e+00 - val_3_prime_UTR_variantF1Count: 13030.0000 - val_synonymous_variantF1: 0.0000e+00 - val_synonymous_variantF1Count: 2262.0000 - val_frameshift_variantF1: 0.6237 - val_frameshift_variantF1Count: 432.0000 - val_stop_gainedF1: 0.7630 - val_stop_gainedF1Count: 157.0000 - val_splice_acceptor_variantF1: 0.7419 - val_splice_acceptor_variantF1Count: 101.0000 - val_splice_donor_5th_base_variantF1: 0.5000 - val_splice_donor_5th_base_variantF1Count: 65.0000 - val_stop_lostF1: 0.0000e+00 - val_stop_lostF1Count: 13.0000 - val_protein_altering_variantF1: 0.4444 - val_protein_altering_variantF1Count: 8.0000 - val_inframe_insertionF1: 0.4706 - val_inframe_insertionF1Count: 71.0000 - val_inframe_deletionF1: 0.6897 - val_inframe_deletionF1Count: 75.0000 - val_transcript_ablationF1: 0.0000e+00 - val_transcript_ablationF1Count: 0.0000e+00 - val_start_lostF1: 0.7692 - val_start_lostF1Count: 20.0000 - val_stop_retained_variantF1: 0.0000e+00 - val_stop_retained_variantF1Count: 9.0000 - val_coding_sequence_variantF1: 0.0000e+00 - val_coding_sequence_variantF1Count: 2.0000 - val_mature_miRNA_variantF1: 0.0000e+00 - val_mature_miRNA_variantF1Count: 8.0000 - val_incomplete_terminal_codon_variantF1: 0.0000e+00 - val_incomplete_terminal_codon_variantF1Count: 1.0000 - val_RareVariantF1Gnomad: 0.4643 - val_RareVariantF1GnomadCount: 27748.0000 - val_CommonVariantF1Gnomad: 0.0860 - val_CommonVariantF1GnomadCount: 1513874.0000 - val_RareVariantF1Frq: 0.9094 - val_RareVariantF1FrqCount: 60423.0000 - val_CommonVariantF1Frq: 0.1702 - val_CommonVariantF1FrqCount: 1560907.0000 - val_ClinvarPathogenicF1: 0.0000e+00 - val_ClinvarPathogenicF1Count: 0.0000e+00 - val_ClinvarBenignF1: 0.0000e+00 - val_ClinvarBenignF1Count: 0.0000e+00 - val_RareVariantWithoutClinvarSupportF1: 0.4643 - val_RareVariantWithoutClinvarSupportF1Count: 27748.0000 - 5287s/epoch - 150ms/step
Epoch 18/100
2025-05-10 21:22:16.569493: I tensorflow/core/kernels/data/shuffle_dataset_op.cc:392] Filling up shuffle buffer (this may take a while): 248052 of 500000
2025-05-10 21:22:18.661127: I tensorflow/core/kernels/data/shuffle_dataset_op.cc:417] Shuffle buffer filled.
[2025-05-10 21:27:25,453][model:model.py:L385][INFO] 17
[2025-05-10 21:27:25,454][model:model.py:L388][INFO] Saving model to /rdds/tmp/variant-rank-score/models/20250509-185018/saved-models/17-0.0048.keras
35131/35131 - 5045s - loss: 0.1984 - true_positives: 213505.0000 - true_negatives: 5398273.0000 - false_positives: 4599.0000 - false_negatives: 4583.0000 - binary_accuracy: 0.9984 - auc: 0.9987 - precision: 0.9789 - recall: 0.9790 - MCC: 0.9781 - F1: 0.9789 - missense_variantF1: 0.9440 - missense_variantF1Count: 158465.0000 - downstream_gene_variantF1: 0.9740 - downstream_gene_variantF1Count: 376836.0000 - upstream_gene_variantF1: 0.9728 - upstream_gene_variantF1Count: 358401.0000 - intron_variantF1: 0.9646 - intron_variantF1Count: 2008922.0000 - non_coding_transcript_exon_variantF1: 0.8707 - non_coding_transcript_exon_variantF1Count: 264456.0000 - splice_donor_variantF1: 0.9966 - splice_donor_variantF1Count: 16610.0000 - splice_donor_region_variantF1: 0.9550 - splice_donor_region_variantF1Count: 3863.0000 - splice_region_variantF1: 0.8887 - splice_region_variantF1Count: 58841.0000 - 5_prime_UTR_variantF1: 0.8655 - 5_prime_UTR_variantF1Count: 16050.0000 - splice_polypyrimidine_tract_variantF1: 0.8329 - splice_polypyrimidine_tract_variantF1Count: 51637.0000 - 3_prime_UTR_variantF1: 0.9486 - 3_prime_UTR_variantF1Count: 52175.0000 - synonymous_variantF1: 0.6400 - synonymous_variantF1Count: 218254.0000 - frameshift_variantF1: 0.9957 - frameshift_variantF1Count: 81432.0000 - stop_gainedF1: 0.9972 - stop_gainedF1Count: 48641.0000 - splice_acceptor_variantF1: 0.9972 - splice_acceptor_variantF1Count: 14372.0000 - splice_donor_5th_base_variantF1: 0.9795 - splice_donor_5th_base_variantF1Count: 2016.0000 - stop_lostF1: 0.9102 - stop_lostF1Count: 554.0000 - protein_altering_variantF1: 0.9628 - protein_altering_variantF1Count: 241.0000 - inframe_insertionF1: 0.8398 - inframe_insertionF1Count: 1713.0000 - inframe_deletionF1: 0.9455 - inframe_deletionF1Count: 3926.0000 - transcript_ablationF1: 1.0000 - transcript_ablationF1Count: 101.0000 - start_lostF1: 0.9870 - start_lostF1Count: 1565.0000 - stop_retained_variantF1: 0.0000e+00 - stop_retained_variantF1Count: 123.0000 - coding_sequence_variantF1: 1.0000 - coding_sequence_variantF1Count: 69.0000 - mature_miRNA_variantF1: 0.0000e+00 - mature_miRNA_variantF1Count: 15.0000 - incomplete_terminal_codon_variantF1: 0.0000e+00 - incomplete_terminal_codon_variantF1Count: 29.0000 - RareVariantF1Gnomad: 0.8260 - RareVariantF1GnomadCount: 168833.0000 - CommonVariantF1Gnomad: 0.5045 - CommonVariantF1GnomadCount: 3976318.0000 - RareVariantF1Frq: 0.7948 - RareVariantF1FrqCount: 254514.0000 - CommonVariantF1Frq: 0.4634 - CommonVariantF1FrqCount: 4046007.0000 - ClinvarPathogenicF1: 0.9991 - ClinvarPathogenicF1Count: 45484.0000 - ClinvarBenignF1: 1.0000 - ClinvarBenignF1Count: 621096.0000 - RareVariantWithoutClinvarSupportF1: 0.7867 - RareVariantWithoutClinvarSupportF1Count: 95609.0000 - val_loss: 0.0048 - val_true_positives: 526.0000 - val_true_negatives: 1872827.0000 - val_false_positives: 314.0000 - val_false_negatives: 93.0000 - val_binary_accuracy: 0.9998 - val_auc: 0.9950 - val_precision: 0.6262 - val_recall: 0.8498 - val_MCC: 0.7294 - val_F1: 0.7210 - val_missense_variantF1: 0.7875 - val_missense_variantF1Count: 5474.0000 - val_downstream_gene_variantF1: 0.7027 - val_downstream_gene_variantF1Count: 110651.0000 - val_upstream_gene_variantF1: 0.6065 - val_upstream_gene_variantF1Count: 111182.0000 - val_intron_variantF1: 0.5361 - val_intron_variantF1Count: 733687.0000 - val_non_coding_transcript_exon_variantF1: 0.4286 - val_non_coding_transcript_exon_variantF1Count: 22286.0000 - val_splice_donor_variantF1: 0.7419 - val_splice_donor_variantF1Count: 116.0000 - val_splice_donor_region_variantF1: 0.8000 - val_splice_donor_region_variantF1Count: 189.0000 - val_splice_region_variantF1: 0.7273 - val_splice_region_variantF1Count: 1062.0000 - val_5_prime_UTR_variantF1: 0.6667 - val_5_prime_UTR_variantF1Count: 3336.0000 - val_splice_polypyrimidine_tract_variantF1: 0.7143 - val_splice_polypyrimidine_tract_variantF1Count: 937.0000 - val_3_prime_UTR_variantF1: 0.5000 - val_3_prime_UTR_variantF1Count: 13020.0000 - val_synonymous_variantF1: 0.0000e+00 - val_synonymous_variantF1Count: 2255.0000 - val_frameshift_variantF1: 0.6479 - val_frameshift_variantF1Count: 438.0000 - val_stop_gainedF1: 0.7657 - val_stop_gainedF1Count: 156.0000 - val_splice_acceptor_variantF1: 0.7586 - val_splice_acceptor_variantF1Count: 109.0000 - val_splice_donor_5th_base_variantF1: 0.8000 - val_splice_donor_5th_base_variantF1Count: 67.0000 - val_stop_lostF1: 0.0000e+00 - val_stop_lostF1Count: 12.0000 - val_protein_altering_variantF1: 0.2222 - val_protein_altering_variantF1Count: 9.0000 - val_inframe_insertionF1: 0.4706 - val_inframe_insertionF1Count: 72.0000 - val_inframe_deletionF1: 0.7200 - val_inframe_deletionF1Count: 85.0000 - val_transcript_ablationF1: 0.0000e+00 - val_transcript_ablationF1Count: 0.0000e+00 - val_start_lostF1: 0.7692 - val_start_lostF1Count: 22.0000 - val_stop_retained_variantF1: 0.0000e+00 - val_stop_retained_variantF1Count: 9.0000 - val_coding_sequence_variantF1: 0.0000e+00 - val_coding_sequence_variantF1Count: 2.0000 - val_mature_miRNA_variantF1: 0.0000e+00 - val_mature_miRNA_variantF1Count: 8.0000 - val_incomplete_terminal_codon_variantF1: 0.0000e+00 - val_incomplete_terminal_codon_variantF1Count: 0.0000e+00 - val_RareVariantF1Gnomad: 0.4561 - val_RareVariantF1GnomadCount: 27634.0000 - val_CommonVariantF1Gnomad: 0.1039 - val_CommonVariantF1GnomadCount: 1514600.0000 - val_RareVariantF1Frq: 0.8958 - val_RareVariantF1FrqCount: 60209.0000 - val_CommonVariantF1Frq: 0.2247 - val_CommonVariantF1FrqCount: 1561582.0000 - val_ClinvarPathogenicF1: 0.0000e+00 - val_ClinvarPathogenicF1Count: 0.0000e+00 - val_ClinvarBenignF1: 0.0000e+00 - val_ClinvarBenignF1Count: 0.0000e+00 - val_RareVariantWithoutClinvarSupportF1: 0.4561 - val_RareVariantWithoutClinvarSupportF1Count: 27634.0000 - 5045s/epoch - 144ms/step
Epoch 19/100
2025-05-10 22:46:54.295723: I tensorflow/core/kernels/data/shuffle_dataset_op.cc:392] Filling up shuffle buffer (this may take a while): 343238 of 500000
2025-05-10 22:46:55.679895: I tensorflow/core/kernels/data/shuffle_dataset_op.cc:417] Shuffle buffer filled.
[2025-05-10 22:52:05,642][model:model.py:L385][INFO] 18
[2025-05-10 22:52:05,642][model:model.py:L388][INFO] Saving model to /rdds/tmp/variant-rank-score/models/20250509-185018/saved-models/18-0.0049.keras
35131/35131 - 5080s - loss: 0.1980 - true_positives: 213671.0000 - true_negatives: 5398350.0000 - false_positives: 4512.0000 - false_negatives: 4427.0000 - binary_accuracy: 0.9984 - auc: 0.9986 - precision: 0.9793 - recall: 0.9797 - MCC: 0.9787 - F1: 0.9795 - missense_variantF1: 0.9454 - missense_variantF1Count: 158227.0000 - downstream_gene_variantF1: 0.9761 - downstream_gene_variantF1Count: 376545.0000 - upstream_gene_variantF1: 0.9738 - upstream_gene_variantF1Count: 358907.0000 - intron_variantF1: 0.9649 - intron_variantF1Count: 2009664.0000 - non_coding_transcript_exon_variantF1: 0.8802 - non_coding_transcript_exon_variantF1Count: 264591.0000 - splice_donor_variantF1: 0.9968 - splice_donor_variantF1Count: 16552.0000 - splice_donor_region_variantF1: 0.9490 - splice_donor_region_variantF1Count: 3825.0000 - splice_region_variantF1: 0.8972 - splice_region_variantF1Count: 58713.0000 - 5_prime_UTR_variantF1: 0.8861 - 5_prime_UTR_variantF1Count: 16102.0000 - splice_polypyrimidine_tract_variantF1: 0.8397 - splice_polypyrimidine_tract_variantF1Count: 51546.0000 - 3_prime_UTR_variantF1: 0.9567 - 3_prime_UTR_variantF1Count: 52056.0000 - synonymous_variantF1: 0.6789 - synonymous_variantF1Count: 217994.0000 - frameshift_variantF1: 0.9958 - frameshift_variantF1Count: 81554.0000 - stop_gainedF1: 0.9973 - stop_gainedF1Count: 48601.0000 - splice_acceptor_variantF1: 0.9974 - splice_acceptor_variantF1Count: 14393.0000 - splice_donor_5th_base_variantF1: 0.9764 - splice_donor_5th_base_variantF1Count: 1984.0000 - stop_lostF1: 0.9043 - stop_lostF1Count: 560.0000 - protein_altering_variantF1: 0.9645 - protein_altering_variantF1Count: 232.0000 - inframe_insertionF1: 0.8547 - inframe_insertionF1Count: 1729.0000 - inframe_deletionF1: 0.9422 - inframe_deletionF1Count: 3893.0000 - transcript_ablationF1: 1.0000 - transcript_ablationF1Count: 100.0000 - start_lostF1: 0.9859 - start_lostF1Count: 1556.0000 - stop_retained_variantF1: 0.0000e+00 - stop_retained_variantF1Count: 134.0000 - coding_sequence_variantF1: 1.0000 - coding_sequence_variantF1Count: 70.0000 - mature_miRNA_variantF1: 0.0000e+00 - mature_miRNA_variantF1Count: 16.0000 - incomplete_terminal_codon_variantF1: 0.0000e+00 - incomplete_terminal_codon_variantF1Count: 25.0000 - RareVariantF1Gnomad: 0.8223 - RareVariantF1GnomadCount: 168883.0000 - CommonVariantF1Gnomad: 0.5083 - CommonVariantF1GnomadCount: 3976745.0000 - RareVariantF1Frq: 0.8042 - RareVariantF1FrqCount: 254527.0000 - CommonVariantF1Frq: 0.4812 - CommonVariantF1FrqCount: 4046483.0000 - ClinvarPathogenicF1: 0.9992 - ClinvarPathogenicF1Count: 45748.0000 - ClinvarBenignF1: 0.8000 - ClinvarBenignF1Count: 621323.0000 - RareVariantWithoutClinvarSupportF1: 0.7760 - RareVariantWithoutClinvarSupportF1Count: 95503.0000 - val_loss: 0.0049 - val_true_positives: 527.0000 - val_true_negatives: 1872798.0000 - val_false_positives: 365.0000 - val_false_negatives: 70.0000 - val_binary_accuracy: 0.9998 - val_auc: 0.9974 - val_precision: 0.5908 - val_recall: 0.8827 - val_MCC: 0.7221 - val_F1: 0.7079 - val_missense_variantF1: 0.7966 - val_missense_variantF1Count: 5405.0000 - val_downstream_gene_variantF1: 0.6746 - val_downstream_gene_variantF1Count: 111065.0000 - val_upstream_gene_variantF1: 0.5814 - val_upstream_gene_variantF1Count: 110888.0000 - val_intron_variantF1: 0.4771 - val_intron_variantF1Count: 733644.0000 - val_non_coding_transcript_exon_variantF1: 0.3636 - val_non_coding_transcript_exon_variantF1Count: 22348.0000 - val_splice_donor_variantF1: 0.7273 - val_splice_donor_variantF1Count: 124.0000 - val_splice_donor_region_variantF1: 0.5714 - val_splice_donor_region_variantF1Count: 182.0000 - val_splice_region_variantF1: 0.8571 - val_splice_region_variantF1Count: 1069.0000 - val_5_prime_UTR_variantF1: 0.6667 - val_5_prime_UTR_variantF1Count: 3358.0000 - val_splice_polypyrimidine_tract_variantF1: 0.6667 - val_splice_polypyrimidine_tract_variantF1Count: 931.0000 - val_3_prime_UTR_variantF1: 0.0000e+00 - val_3_prime_UTR_variantF1Count: 12947.0000 - val_synonymous_variantF1: 0.0000e+00 - val_synonymous_variantF1Count: 2276.0000 - val_frameshift_variantF1: 0.6356 - val_frameshift_variantF1Count: 441.0000 - val_stop_gainedF1: 0.7673 - val_stop_gainedF1Count: 146.0000 - val_splice_acceptor_variantF1: 0.6667 - val_splice_acceptor_variantF1Count: 110.0000 - val_splice_donor_5th_base_variantF1: 0.7500 - val_splice_donor_5th_base_variantF1Count: 67.0000 - val_stop_lostF1: 0.0000e+00 - val_stop_lostF1Count: 12.0000 - val_protein_altering_variantF1: 0.2500 - val_protein_altering_variantF1Count: 8.0000 - val_inframe_insertionF1: 0.4615 - val_inframe_insertionF1Count: 67.0000 - val_inframe_deletionF1: 0.7200 - val_inframe_deletionF1Count: 75.0000 - val_transcript_ablationF1: 0.0000e+00 - val_transcript_ablationF1Count: 0.0000e+00 - val_start_lostF1: 0.7273 - val_start_lostF1Count: 20.0000 - val_stop_retained_variantF1: 0.0000e+00 - val_stop_retained_variantF1Count: 8.0000 - val_coding_sequence_variantF1: 0.0000e+00 - val_coding_sequence_variantF1Count: 2.0000 - val_mature_miRNA_variantF1: 0.0000e+00 - val_mature_miRNA_variantF1Count: 7.0000 - val_incomplete_terminal_codon_variantF1: 0.0000e+00 - val_incomplete_terminal_codon_variantF1Count: 1.0000 - val_RareVariantF1Gnomad: 0.4082 - val_RareVariantF1GnomadCount: 27668.0000 - val_CommonVariantF1Gnomad: 0.0980 - val_CommonVariantF1GnomadCount: 1514035.0000 - val_RareVariantF1Frq: 0.9128 - val_RareVariantF1FrqCount: 60206.0000 - val_CommonVariantF1Frq: 0.1443 - val_CommonVariantF1FrqCount: 1560801.0000 - val_ClinvarPathogenicF1: 0.0000e+00 - val_ClinvarPathogenicF1Count: 0.0000e+00 - val_ClinvarBenignF1: 0.0000e+00 - val_ClinvarBenignF1Count: 0.0000e+00 - val_RareVariantWithoutClinvarSupportF1: 0.4082 - val_RareVariantWithoutClinvarSupportF1Count: 27668.0000 - 5080s/epoch - 145ms/step
Epoch 20/100
2025-05-11 00:14:36.869805: I tensorflow/core/kernels/data/shuffle_dataset_op.cc:392] Filling up shuffle buffer (this may take a while): 291803 of 500000
2025-05-11 00:14:38.749283: I tensorflow/core/kernels/data/shuffle_dataset_op.cc:417] Shuffle buffer filled.
[2025-05-11 00:19:14,157][model:model.py:L385][INFO] 19
[2025-05-11 00:19:14,158][model:model.py:L388][INFO] Saving model to /rdds/tmp/variant-rank-score/models/20250509-185018/saved-models/19-0.0048.keras
35131/35131 - 5228s - loss: 0.1988 - true_positives: 213238.0000 - true_negatives: 5398682.0000 - false_positives: 4543.0000 - false_negatives: 4497.0000 - binary_accuracy: 0.9984 - auc: 0.9987 - precision: 0.9791 - recall: 0.9793 - MCC: 0.9784 - F1: 0.9792 - missense_variantF1: 0.9452 - missense_variantF1Count: 158146.0000 - downstream_gene_variantF1: 0.9748 - downstream_gene_variantF1Count: 376535.0000 - upstream_gene_variantF1: 0.9718 - upstream_gene_variantF1Count: 358396.0000 - intron_variantF1: 0.9658 - intron_variantF1Count: 2009484.0000 - non_coding_transcript_exon_variantF1: 0.8824 - non_coding_transcript_exon_variantF1Count: 264458.0000 - splice_donor_variantF1: 0.9969 - splice_donor_variantF1Count: 16492.0000 - splice_donor_region_variantF1: 0.9398 - splice_donor_region_variantF1Count: 3854.0000 - splice_region_variantF1: 0.8868 - splice_region_variantF1Count: 58725.0000 - 5_prime_UTR_variantF1: 0.8668 - 5_prime_UTR_variantF1Count: 16049.0000 - splice_polypyrimidine_tract_variantF1: 0.8329 - splice_polypyrimidine_tract_variantF1Count: 51602.0000 - 3_prime_UTR_variantF1: 0.9527 - 3_prime_UTR_variantF1Count: 52234.0000 - synonymous_variantF1: 0.6256 - synonymous_variantF1Count: 217790.0000 - frameshift_variantF1: 0.9955 - frameshift_variantF1Count: 81471.0000 - stop_gainedF1: 0.9972 - stop_gainedF1Count: 48420.0000 - splice_acceptor_variantF1: 0.9971 - splice_acceptor_variantF1Count: 14394.0000 - splice_donor_5th_base_variantF1: 0.9772 - splice_donor_5th_base_variantF1Count: 2031.0000 - stop_lostF1: 0.9236 - stop_lostF1Count: 570.0000 - protein_altering_variantF1: 0.9474 - protein_altering_variantF1Count: 227.0000 - inframe_insertionF1: 0.8430 - inframe_insertionF1Count: 1746.0000 - inframe_deletionF1: 0.9463 - inframe_deletionF1Count: 3939.0000 - transcript_ablationF1: 1.0000 - transcript_ablationF1Count: 103.0000 - start_lostF1: 0.9874 - start_lostF1Count: 1569.0000 - stop_retained_variantF1: 0.0000e+00 - stop_retained_variantF1Count: 125.0000 - coding_sequence_variantF1: 1.0000 - coding_sequence_variantF1Count: 70.0000 - mature_miRNA_variantF1: 0.0000e+00 - mature_miRNA_variantF1Count: 14.0000 - incomplete_terminal_codon_variantF1: 0.0000e+00 - incomplete_terminal_codon_variantF1Count: 25.0000 - RareVariantF1Gnomad: 0.8259 - RareVariantF1GnomadCount: 168675.0000 - CommonVariantF1Gnomad: 0.4824 - CommonVariantF1GnomadCount: 3977076.0000 - RareVariantF1Frq: 0.7941 - RareVariantF1FrqCount: 254595.0000 - CommonVariantF1Frq: 0.4569 - CommonVariantF1FrqCount: 4046791.0000 - ClinvarPathogenicF1: 0.9993 - ClinvarPathogenicF1Count: 45596.0000 - ClinvarBenignF1: 0.6154 - ClinvarBenignF1Count: 620566.0000 - RareVariantWithoutClinvarSupportF1: 0.7834 - RareVariantWithoutClinvarSupportF1Count: 95542.0000 - val_loss: 0.0048 - val_true_positives: 517.0000 - val_true_negatives: 1872809.0000 - val_false_positives: 338.0000 - val_false_negatives: 96.0000 - val_binary_accuracy: 0.9998 - val_auc: 0.9958 - val_precision: 0.6047 - val_recall: 0.8434 - val_MCC: 0.7140 - val_F1: 0.7044 - val_missense_variantF1: 0.7668 - val_missense_variantF1Count: 5434.0000 - val_downstream_gene_variantF1: 0.6400 - val_downstream_gene_variantF1Count: 110757.0000 - val_upstream_gene_variantF1: 0.5455 - val_upstream_gene_variantF1Count: 111066.0000 - val_intron_variantF1: 0.5263 - val_intron_variantF1Count: 733625.0000 - val_non_coding_transcript_exon_variantF1: 0.4615 - val_non_coding_transcript_exon_variantF1Count: 22291.0000 - val_splice_donor_variantF1: 0.7429 - val_splice_donor_variantF1Count: 122.0000 - val_splice_donor_region_variantF1: 0.8000 - val_splice_donor_region_variantF1Count: 186.0000 - val_splice_region_variantF1: 0.6000 - val_splice_region_variantF1Count: 1076.0000 - val_5_prime_UTR_variantF1: 0.0000e+00 - val_5_prime_UTR_variantF1Count: 3318.0000 - val_splice_polypyrimidine_tract_variantF1: 0.7143 - val_splice_polypyrimidine_tract_variantF1Count: 954.0000 - val_3_prime_UTR_variantF1: 0.5000 - val_3_prime_UTR_variantF1Count: 13031.0000 - val_synonymous_variantF1: 0.0000e+00 - val_synonymous_variantF1Count: 2300.0000 - val_frameshift_variantF1: 0.6452 - val_frameshift_variantF1Count: 418.0000 - val_stop_gainedF1: 0.7598 - val_stop_gainedF1Count: 155.0000 - val_splice_acceptor_variantF1: 0.7037 - val_splice_acceptor_variantF1Count: 106.0000 - val_splice_donor_5th_base_variantF1: 0.7778 - val_splice_donor_5th_base_variantF1Count: 71.0000 - val_stop_lostF1: 0.0000e+00 - val_stop_lostF1Count: 13.0000 - val_protein_altering_variantF1: 0.4000 - val_protein_altering_variantF1Count: 9.0000 - val_inframe_insertionF1: 0.5263 - val_inframe_insertionF1Count: 74.0000 - val_inframe_deletionF1: 0.6087 - val_inframe_deletionF1Count: 77.0000 - val_transcript_ablationF1: 0.0000e+00 - val_transcript_ablationF1Count: 0.0000e+00 - val_start_lostF1: 0.7692 - val_start_lostF1Count: 21.0000 - val_stop_retained_variantF1: 0.0000e+00 - val_stop_retained_variantF1Count: 9.0000 - val_coding_sequence_variantF1: 0.0000e+00 - val_coding_sequence_variantF1Count: 1.0000 - val_mature_miRNA_variantF1: 0.0000e+00 - val_mature_miRNA_variantF1Count: 4.0000 - val_incomplete_terminal_codon_variantF1: 0.0000e+00 - val_incomplete_terminal_codon_variantF1Count: 0.0000e+00 - val_RareVariantF1Gnomad: 0.4231 - val_RareVariantF1GnomadCount: 27485.0000 - val_CommonVariantF1Gnomad: 0.1190 - val_CommonVariantF1GnomadCount: 1514226.0000 - val_RareVariantF1Frq: 0.8911 - val_RareVariantF1FrqCount: 60351.0000 - val_CommonVariantF1Frq: 0.1163 - val_CommonVariantF1FrqCount: 1561204.0000 - val_ClinvarPathogenicF1: 0.0000e+00 - val_ClinvarPathogenicF1Count: 0.0000e+00 - val_ClinvarBenignF1: 0.0000e+00 - val_ClinvarBenignF1Count: 0.0000e+00 - val_RareVariantWithoutClinvarSupportF1: 0.4231 - val_RareVariantWithoutClinvarSupportF1Count: 27485.0000 - 5228s/epoch - 149ms/step
Epoch 21/100
2025-05-11 01:43:00.402098: I tensorflow/core/kernels/data/shuffle_dataset_op.cc:392] Filling up shuffle buffer (this may take a while): 1 of 500000
2025-05-11 01:43:05.685854: I tensorflow/core/kernels/data/shuffle_dataset_op.cc:417] Shuffle buffer filled.
[2025-05-11 01:47:41,386][model:model.py:L385][INFO] 20
[2025-05-11 01:47:41,394][model:model.py:L388][INFO] Saving model to /rdds/tmp/variant-rank-score/models/20250509-185018/saved-models/20-0.0048.keras
35131/35131 - 5307s - loss: 0.1969 - true_positives: 213833.0000 - true_negatives: 5398223.0000 - false_positives: 4574.0000 - false_negatives: 4330.0000 - binary_accuracy: 0.9984 - auc: 0.9987 - precision: 0.9791 - recall: 0.9802 - MCC: 0.9788 - F1: 0.9796 - missense_variantF1: 0.9459 - missense_variantF1Count: 158274.0000 - downstream_gene_variantF1: 0.9757 - downstream_gene_variantF1Count: 376761.0000 - upstream_gene_variantF1: 0.9736 - upstream_gene_variantF1Count: 358698.0000 - intron_variantF1: 0.9649 - intron_variantF1Count: 2009096.0000 - non_coding_transcript_exon_variantF1: 0.8872 - non_coding_transcript_exon_variantF1Count: 264679.0000 - splice_donor_variantF1: 0.9966 - splice_donor_variantF1Count: 16601.0000 - splice_donor_region_variantF1: 0.9418 - splice_donor_region_variantF1Count: 3815.0000 - splice_region_variantF1: 0.8930 - splice_region_variantF1Count: 58695.0000 - 5_prime_UTR_variantF1: 0.8759 - 5_prime_UTR_variantF1Count: 16003.0000 - splice_polypyrimidine_tract_variantF1: 0.8322 - splice_polypyrimidine_tract_variantF1Count: 51622.0000 - 3_prime_UTR_variantF1: 0.9541 - 3_prime_UTR_variantF1Count: 52050.0000 - synonymous_variantF1: 0.6489 - synonymous_variantF1Count: 218109.0000 - frameshift_variantF1: 0.9959 - frameshift_variantF1Count: 81686.0000 - stop_gainedF1: 0.9972 - stop_gainedF1Count: 48457.0000 - splice_acceptor_variantF1: 0.9975 - splice_acceptor_variantF1Count: 14410.0000 - splice_donor_5th_base_variantF1: 0.9827 - splice_donor_5th_base_variantF1Count: 1976.0000 - stop_lostF1: 0.9215 - stop_lostF1Count: 558.0000 - protein_altering_variantF1: 0.9560 - protein_altering_variantF1Count: 239.0000 - inframe_insertionF1: 0.8437 - inframe_insertionF1Count: 1734.0000 - inframe_deletionF1: 0.9389 - inframe_deletionF1Count: 3935.0000 - transcript_ablationF1: 0.9950 - transcript_ablationF1Count: 102.0000 - start_lostF1: 0.9848 - start_lostF1Count: 1577.0000 - stop_retained_variantF1: 0.0000e+00 - stop_retained_variantF1Count: 122.0000 - coding_sequence_variantF1: 0.9916 - coding_sequence_variantF1Count: 67.0000 - mature_miRNA_variantF1: 0.0000e+00 - mature_miRNA_variantF1Count: 12.0000 - incomplete_terminal_codon_variantF1: 0.0000e+00 - incomplete_terminal_codon_variantF1Count: 29.0000 - RareVariantF1Gnomad: 0.8267 - RareVariantF1GnomadCount: 168953.0000 - CommonVariantF1Gnomad: 0.5201 - CommonVariantF1GnomadCount: 3976635.0000 - RareVariantF1Frq: 0.7938 - RareVariantF1FrqCount: 254432.0000 - CommonVariantF1Frq: 0.4789 - CommonVariantF1FrqCount: 4046100.0000 - ClinvarPathogenicF1: 0.9993 - ClinvarPathogenicF1Count: 45759.0000 - ClinvarBenignF1: 1.0000 - ClinvarBenignF1Count: 621401.0000 - RareVariantWithoutClinvarSupportF1: 0.7884 - RareVariantWithoutClinvarSupportF1Count: 95664.0000 - val_loss: 0.0048 - val_true_positives: 538.0000 - val_true_negatives: 1872813.0000 - val_false_positives: 327.0000 - val_false_negatives: 82.0000 - val_binary_accuracy: 0.9998 - val_auc: 0.9950 - val_precision: 0.6220 - val_recall: 0.8677 - val_MCC: 0.7345 - val_F1: 0.7246 - val_missense_variantF1: 0.7953 - val_missense_variantF1Count: 5496.0000 - val_downstream_gene_variantF1: 0.7075 - val_downstream_gene_variantF1Count: 110815.0000 - val_upstream_gene_variantF1: 0.6282 - val_upstream_gene_variantF1Count: 110937.0000 - val_intron_variantF1: 0.5253 - val_intron_variantF1Count: 733574.0000 - val_non_coding_transcript_exon_variantF1: 0.3636 - val_non_coding_transcript_exon_variantF1Count: 22238.0000 - val_splice_donor_variantF1: 0.7887 - val_splice_donor_variantF1Count: 121.0000 - val_splice_donor_region_variantF1: 0.8571 - val_splice_donor_region_variantF1Count: 172.0000 - val_splice_region_variantF1: 0.6154 - val_splice_region_variantF1Count: 1073.0000 - val_5_prime_UTR_variantF1: 0.5000 - val_5_prime_UTR_variantF1Count: 3334.0000 - val_splice_polypyrimidine_tract_variantF1: 0.6667 - val_splice_polypyrimidine_tract_variantF1Count: 929.0000 - val_3_prime_UTR_variantF1: 0.0000e+00 - val_3_prime_UTR_variantF1Count: 13044.0000 - val_synonymous_variantF1: 0.0000e+00 - val_synonymous_variantF1Count: 2286.0000 - val_frameshift_variantF1: 0.6237 - val_frameshift_variantF1Count: 440.0000 - val_stop_gainedF1: 0.7929 - val_stop_gainedF1Count: 153.0000 - val_splice_acceptor_variantF1: 0.7843 - val_splice_acceptor_variantF1Count: 101.0000 - val_splice_donor_5th_base_variantF1: 0.8000 - val_splice_donor_5th_base_variantF1Count: 68.0000 - val_stop_lostF1: 0.0000e+00 - val_stop_lostF1Count: 11.0000 - val_protein_altering_variantF1: 0.2857 - val_protein_altering_variantF1Count: 7.0000 - val_inframe_insertionF1: 0.5333 - val_inframe_insertionF1Count: 65.0000 - val_inframe_deletionF1: 0.6667 - val_inframe_deletionF1Count: 82.0000 - val_transcript_ablationF1: 0.0000e+00 - val_transcript_ablationF1Count: 0.0000e+00 - val_start_lostF1: 0.8333 - val_start_lostF1Count: 18.0000 - val_stop_retained_variantF1: 0.0000e+00 - val_stop_retained_variantF1Count: 9.0000 - val_coding_sequence_variantF1: 0.0000e+00 - val_coding_sequence_variantF1Count: 2.0000 - val_mature_miRNA_variantF1: 0.0000e+00 - val_mature_miRNA_variantF1Count: 6.0000 - val_incomplete_terminal_codon_variantF1: 0.0000e+00 - val_incomplete_terminal_codon_variantF1Count: 0.0000e+00 - val_RareVariantF1Gnomad: 0.4444 - val_RareVariantF1GnomadCount: 27653.0000 - val_CommonVariantF1Gnomad: 0.1333 - val_CommonVariantF1GnomadCount: 1514005.0000 - val_RareVariantF1Frq: 0.9086 - val_RareVariantF1FrqCount: 60300.0000 - val_CommonVariantF1Frq: 0.2169 - val_CommonVariantF1FrqCount: 1561016.0000 - val_ClinvarPathogenicF1: 0.0000e+00 - val_ClinvarPathogenicF1Count: 0.0000e+00 - val_ClinvarBenignF1: 0.0000e+00 - val_ClinvarBenignF1Count: 0.0000e+00 - val_RareVariantWithoutClinvarSupportF1: 0.4444 - val_RareVariantWithoutClinvarSupportF1Count: 27653.0000 - 5307s/epoch - 151ms/step
Epoch 22/100
2025-05-11 03:08:40.612764: I tensorflow/core/kernels/data/shuffle_dataset_op.cc:392] Filling up shuffle buffer (this may take a while): 273104 of 500000
2025-05-11 03:08:42.575272: I tensorflow/core/kernels/data/shuffle_dataset_op.cc:417] Shuffle buffer filled.
[2025-05-11 03:13:11,931][model:model.py:L385][INFO] 21
[2025-05-11 03:13:11,949][model:model.py:L388][INFO] Saving model to /rdds/tmp/variant-rank-score/models/20250509-185018/saved-models/21-0.0049.keras
35131/35131 - 5131s - loss: 0.1942 - true_positives: 213410.0000 - true_negatives: 5398557.0000 - false_positives: 4604.0000 - false_negatives: 4389.0000 - binary_accuracy: 0.9984 - auc: 0.9987 - precision: 0.9789 - recall: 0.9798 - MCC: 0.9785 - F1: 0.9794 - missense_variantF1: 0.9449 - missense_variantF1Count: 158164.0000 - downstream_gene_variantF1: 0.9749 - downstream_gene_variantF1Count: 376753.0000 - upstream_gene_variantF1: 0.9736 - upstream_gene_variantF1Count: 358831.0000 - intron_variantF1: 0.9647 - intron_variantF1Count: 2009192.0000 - non_coding_transcript_exon_variantF1: 0.8790 - non_coding_transcript_exon_variantF1Count: 264464.0000 - splice_donor_variantF1: 0.9967 - splice_donor_variantF1Count: 16545.0000 - splice_donor_region_variantF1: 0.9478 - splice_donor_region_variantF1Count: 3806.0000 - splice_region_variantF1: 0.8906 - splice_region_variantF1Count: 58880.0000 - 5_prime_UTR_variantF1: 0.8793 - 5_prime_UTR_variantF1Count: 16111.0000 - splice_polypyrimidine_tract_variantF1: 0.8482 - splice_polypyrimidine_tract_variantF1Count: 51669.0000 - 3_prime_UTR_variantF1: 0.9589 - 3_prime_UTR_variantF1Count: 52197.0000 - synonymous_variantF1: 0.6667 - synonymous_variantF1Count: 217928.0000 - frameshift_variantF1: 0.9957 - frameshift_variantF1Count: 81445.0000 - stop_gainedF1: 0.9972 - stop_gainedF1Count: 48584.0000 - splice_acceptor_variantF1: 0.9972 - splice_acceptor_variantF1Count: 14364.0000 - splice_donor_5th_base_variantF1: 0.9775 - splice_donor_5th_base_variantF1Count: 1993.0000 - stop_lostF1: 0.9133 - stop_lostF1Count: 568.0000 - protein_altering_variantF1: 0.9565 - protein_altering_variantF1Count: 238.0000 - inframe_insertionF1: 0.8676 - inframe_insertionF1Count: 1702.0000 - inframe_deletionF1: 0.9456 - inframe_deletionF1Count: 3869.0000 - transcript_ablationF1: 1.0000 - transcript_ablationF1Count: 97.0000 - start_lostF1: 0.9879 - start_lostF1Count: 1584.0000 - stop_retained_variantF1: 0.0000e+00 - stop_retained_variantF1Count: 133.0000 - coding_sequence_variantF1: 1.0000 - coding_sequence_variantF1Count: 71.0000 - mature_miRNA_variantF1: 0.0000e+00 - mature_miRNA_variantF1Count: 14.0000 - incomplete_terminal_codon_variantF1: 0.0000e+00 - incomplete_terminal_codon_variantF1Count: 28.0000 - RareVariantF1Gnomad: 0.8206 - RareVariantF1GnomadCount: 168985.0000 - CommonVariantF1Gnomad: 0.5080 - CommonVariantF1GnomadCount: 3976192.0000 - RareVariantF1Frq: 0.7945 - RareVariantF1FrqCount: 255013.0000 - CommonVariantF1Frq: 0.4773 - CommonVariantF1FrqCount: 4046190.0000 - ClinvarPathogenicF1: 0.9991 - ClinvarPathogenicF1Count: 45624.0000 - ClinvarBenignF1: 0.8889 - ClinvarBenignF1Count: 620942.0000 - RareVariantWithoutClinvarSupportF1: 0.7857 - RareVariantWithoutClinvarSupportF1Count: 95781.0000 - val_loss: 0.0049 - val_true_positives: 538.0000 - val_true_negatives: 1872791.0000 - val_false_positives: 353.0000 - val_false_negatives: 78.0000 - val_binary_accuracy: 0.9998 - val_auc: 0.9950 - val_precision: 0.6038 - val_recall: 0.8734 - val_MCC: 0.7261 - val_F1: 0.7140 - val_missense_variantF1: 0.7960 - val_missense_variantF1Count: 5476.0000 - val_downstream_gene_variantF1: 0.6879 - val_downstream_gene_variantF1Count: 111236.0000 - val_upstream_gene_variantF1: 0.5521 - val_upstream_gene_variantF1Count: 111037.0000 - val_intron_variantF1: 0.5047 - val_intron_variantF1Count: 733617.0000 - val_non_coding_transcript_exon_variantF1: 0.5455 - val_non_coding_transcript_exon_variantF1Count: 22244.0000 - val_splice_donor_variantF1: 0.6957 - val_splice_donor_variantF1Count: 116.0000 - val_splice_donor_region_variantF1: 0.8000 - val_splice_donor_region_variantF1Count: 184.0000 - val_splice_region_variantF1: 0.5714 - val_splice_region_variantF1Count: 1087.0000 - val_5_prime_UTR_variantF1: 0.5000 - val_5_prime_UTR_variantF1Count: 3302.0000 - val_splice_polypyrimidine_tract_variantF1: 0.7692 - val_splice_polypyrimidine_tract_variantF1Count: 910.0000 - val_3_prime_UTR_variantF1: 0.5000 - val_3_prime_UTR_variantF1Count: 12983.0000 - val_synonymous_variantF1: 0.0000e+00 - val_synonymous_variantF1Count: 2310.0000 - val_frameshift_variantF1: 0.6467 - val_frameshift_variantF1Count: 439.0000 - val_stop_gainedF1: 0.7514 - val_stop_gainedF1Count: 152.0000 - val_splice_acceptor_variantF1: 0.7059 - val_splice_acceptor_variantF1Count: 105.0000 - val_splice_donor_5th_base_variantF1: 0.8235 - val_splice_donor_5th_base_variantF1Count: 70.0000 - val_stop_lostF1: 0.0000e+00 - val_stop_lostF1Count: 12.0000 - val_protein_altering_variantF1: 0.2500 - val_protein_altering_variantF1Count: 8.0000 - val_inframe_insertionF1: 0.5263 - val_inframe_insertionF1Count: 72.0000 - val_inframe_deletionF1: 0.5882 - val_inframe_deletionF1Count: 83.0000 - val_transcript_ablationF1: 0.0000e+00 - val_transcript_ablationF1Count: 0.0000e+00 - val_start_lostF1: 0.7273 - val_start_lostF1Count: 22.0000 - val_stop_retained_variantF1: 0.0000e+00 - val_stop_retained_variantF1Count: 8.0000 - val_coding_sequence_variantF1: 0.0000e+00 - val_coding_sequence_variantF1Count: 2.0000 - val_mature_miRNA_variantF1: 0.0000e+00 - val_mature_miRNA_variantF1Count: 6.0000 - val_incomplete_terminal_codon_variantF1: 0.0000e+00 - val_incomplete_terminal_codon_variantF1Count: 0.0000e+00 - val_RareVariantF1Gnomad: 0.4746 - val_RareVariantF1GnomadCount: 27527.0000 - val_CommonVariantF1Gnomad: 0.0889 - val_CommonVariantF1GnomadCount: 1514330.0000 - val_RareVariantF1Frq: 0.9115 - val_RareVariantF1FrqCount: 60131.0000 - val_CommonVariantF1Frq: 0.2222 - val_CommonVariantF1FrqCount: 1561430.0000 - val_ClinvarPathogenicF1: 0.0000e+00 - val_ClinvarPathogenicF1Count: 0.0000e+00 - val_ClinvarBenignF1: 0.0000e+00 - val_ClinvarBenignF1Count: 0.0000e+00 - val_RareVariantWithoutClinvarSupportF1: 0.4746 - val_RareVariantWithoutClinvarSupportF1Count: 27527.0000 - 5131s/epoch - 146ms/step
Epoch 23/100
2025-05-11 04:35:31.721785: I tensorflow/core/kernels/data/shuffle_dataset_op.cc:392] Filling up shuffle buffer (this may take a while): 187575 of 500000
2025-05-11 04:35:34.496184: I tensorflow/core/kernels/data/shuffle_dataset_op.cc:417] Shuffle buffer filled.
[2025-05-11 04:40:42,748][model:model.py:L385][INFO] 22
[2025-05-11 04:40:42,756][model:model.py:L388][INFO] Saving model to /rdds/tmp/variant-rank-score/models/20250509-185018/saved-models/22-0.0048.keras
35131/35131 - 5251s - loss: 0.1946 - true_positives: 213878.0000 - true_negatives: 5398289.0000 - false_positives: 4469.0000 - false_negatives: 4324.0000 - binary_accuracy: 0.9984 - auc: 0.9986 - precision: 0.9795 - recall: 0.9802 - MCC: 0.9790 - F1: 0.9799 - missense_variantF1: 0.9465 - missense_variantF1Count: 158355.0000 - downstream_gene_variantF1: 0.9757 - downstream_gene_variantF1Count: 376487.0000 - upstream_gene_variantF1: 0.9743 - upstream_gene_variantF1Count: 358295.0000 - intron_variantF1: 0.9652 - intron_variantF1Count: 2008846.0000 - non_coding_transcript_exon_variantF1: 0.8926 - non_coding_transcript_exon_variantF1Count: 264835.0000 - splice_donor_variantF1: 0.9970 - splice_donor_variantF1Count: 16605.0000 - splice_donor_region_variantF1: 0.9391 - splice_donor_region_variantF1Count: 3835.0000 - splice_region_variantF1: 0.8897 - splice_region_variantF1Count: 58703.0000 - 5_prime_UTR_variantF1: 0.8691 - 5_prime_UTR_variantF1Count: 16078.0000 - splice_polypyrimidine_tract_variantF1: 0.8509 - splice_polypyrimidine_tract_variantF1Count: 51501.0000 - 3_prime_UTR_variantF1: 0.9535 - 3_prime_UTR_variantF1Count: 52100.0000 - synonymous_variantF1: 0.6038 - synonymous_variantF1Count: 218068.0000 - frameshift_variantF1: 0.9958 - frameshift_variantF1Count: 81469.0000 - stop_gainedF1: 0.9972 - stop_gainedF1Count: 48641.0000 - splice_acceptor_variantF1: 0.9974 - splice_acceptor_variantF1Count: 14415.0000 - splice_donor_5th_base_variantF1: 0.9779 - splice_donor_5th_base_variantF1Count: 2004.0000 - stop_lostF1: 0.9301 - stop_lostF1Count: 564.0000 - protein_altering_variantF1: 0.9605 - protein_altering_variantF1Count: 232.0000 - inframe_insertionF1: 0.8569 - inframe_insertionF1Count: 1742.0000 - inframe_deletionF1: 0.9454 - inframe_deletionF1Count: 3946.0000 - transcript_ablationF1: 1.0000 - transcript_ablationF1Count: 94.0000 - start_lostF1: 0.9857 - start_lostF1Count: 1560.0000 - stop_retained_variantF1: 0.0000e+00 - stop_retained_variantF1Count: 128.0000 - coding_sequence_variantF1: 1.0000 - coding_sequence_variantF1Count: 67.0000 - mature_miRNA_variantF1: 0.0000e+00 - mature_miRNA_variantF1Count: 14.0000 - incomplete_terminal_codon_variantF1: 0.0000e+00 - incomplete_terminal_codon_variantF1Count: 29.0000 - RareVariantF1Gnomad: 0.8316 - RareVariantF1GnomadCount: 168903.0000 - CommonVariantF1Gnomad: 0.5347 - CommonVariantF1GnomadCount: 3976320.0000 - RareVariantF1Frq: 0.7948 - RareVariantF1FrqCount: 254258.0000 - CommonVariantF1Frq: 0.4765 - CommonVariantF1FrqCount: 4045933.0000 - ClinvarPathogenicF1: 0.9993 - ClinvarPathogenicF1Count: 45902.0000 - ClinvarBenignF1: 0.7273 - ClinvarBenignF1Count: 621229.0000 - RareVariantWithoutClinvarSupportF1: 0.7977 - RareVariantWithoutClinvarSupportF1Count: 95726.0000 - val_loss: 0.0048 - val_true_positives: 549.0000 - val_true_negatives: 1872778.0000 - val_false_positives: 358.0000 - val_false_negatives: 75.0000 - val_binary_accuracy: 0.9998 - val_auc: 0.9951 - val_precision: 0.6053 - val_recall: 0.8798 - val_MCC: 0.7297 - val_F1: 0.7172 - val_missense_variantF1: 0.7941 - val_missense_variantF1Count: 5434.0000 - val_downstream_gene_variantF1: 0.7073 - val_downstream_gene_variantF1Count: 110959.0000 - val_upstream_gene_variantF1: 0.6000 - val_upstream_gene_variantF1Count: 110813.0000 - val_intron_variantF1: 0.5421 - val_intron_variantF1Count: 733613.0000 - val_non_coding_transcript_exon_variantF1: 0.5455 - val_non_coding_transcript_exon_variantF1Count: 22186.0000 - val_splice_donor_variantF1: 0.7200 - val_splice_donor_variantF1Count: 127.0000 - val_splice_donor_region_variantF1: 0.7692 - val_splice_donor_region_variantF1Count: 175.0000 - val_splice_region_variantF1: 0.6000 - val_splice_region_variantF1Count: 1072.0000 - val_5_prime_UTR_variantF1: 0.6667 - val_5_prime_UTR_variantF1Count: 3253.0000 - val_splice_polypyrimidine_tract_variantF1: 0.5714 - val_splice_polypyrimidine_tract_variantF1Count: 926.0000 - val_3_prime_UTR_variantF1: 0.4000 - val_3_prime_UTR_variantF1Count: 13014.0000 - val_synonymous_variantF1: 0.0000e+00 - val_synonymous_variantF1Count: 2271.0000 - val_frameshift_variantF1: 0.6335 - val_frameshift_variantF1Count: 447.0000 - val_stop_gainedF1: 0.7771 - val_stop_gainedF1Count: 156.0000 - val_splice_acceptor_variantF1: 0.7037 - val_splice_acceptor_variantF1Count: 102.0000 - val_splice_donor_5th_base_variantF1: 0.8750 - val_splice_donor_5th_base_variantF1Count: 65.0000 - val_stop_lostF1: 0.0000e+00 - val_stop_lostF1Count: 12.0000 - val_protein_altering_variantF1: 0.2500 - val_protein_altering_variantF1Count: 8.0000 - val_inframe_insertionF1: 0.5263 - val_inframe_insertionF1Count: 65.0000 - val_inframe_deletionF1: 0.5833 - val_inframe_deletionF1Count: 79.0000 - val_transcript_ablationF1: 0.0000e+00 - val_transcript_ablationF1Count: 0.0000e+00 - val_start_lostF1: 0.7273 - val_start_lostF1Count: 21.0000 - val_stop_retained_variantF1: 0.0000e+00 - val_stop_retained_variantF1Count: 7.0000 - val_coding_sequence_variantF1: 0.0000e+00 - val_coding_sequence_variantF1Count: 2.0000 - val_mature_miRNA_variantF1: 0.0000e+00 - val_mature_miRNA_variantF1Count: 6.0000 - val_incomplete_terminal_codon_variantF1: 0.0000e+00 - val_incomplete_terminal_codon_variantF1Count: 1.0000 - val_RareVariantF1Gnomad: 0.4528 - val_RareVariantF1GnomadCount: 27603.0000 - val_CommonVariantF1Gnomad: 0.0825 - val_CommonVariantF1GnomadCount: 1514336.0000 - val_RareVariantF1Frq: 0.9175 - val_RareVariantF1FrqCount: 60255.0000 - val_CommonVariantF1Frq: 0.1616 - val_CommonVariantF1FrqCount: 1561139.0000 - val_ClinvarPathogenicF1: 0.0000e+00 - val_ClinvarPathogenicF1Count: 0.0000e+00 - val_ClinvarBenignF1: 0.0000e+00 - val_ClinvarBenignF1Count: 0.0000e+00 - val_RareVariantWithoutClinvarSupportF1: 0.4528 - val_RareVariantWithoutClinvarSupportF1Count: 27603.0000 - 5251s/epoch - 149ms/step
Epoch 24/100
2025-05-11 05:57:35.058959: I tensorflow/core/kernels/data/shuffle_dataset_op.cc:392] Filling up shuffle buffer (this may take a while): 172830 of 500000
2025-05-11 05:57:38.025255: I tensorflow/core/kernels/data/shuffle_dataset_op.cc:417] Shuffle buffer filled.
[2025-05-11 06:02:15,371][model:model.py:L385][INFO] 23
[2025-05-11 06:02:15,372][model:model.py:L388][INFO] Saving model to /rdds/tmp/variant-rank-score/models/20250509-185018/saved-models/23-0.0048.keras
35131/35131 - 4893s - loss: 0.1936 - true_positives: 213603.0000 - true_negatives: 5398558.0000 - false_positives: 4510.0000 - false_negatives: 4289.0000 - binary_accuracy: 0.9984 - auc: 0.9987 - precision: 0.9793 - recall: 0.9803 - MCC: 0.9790 - F1: 0.9798 - missense_variantF1: 0.9463 - missense_variantF1Count: 158358.0000 - downstream_gene_variantF1: 0.9763 - downstream_gene_variantF1Count: 376474.0000 - upstream_gene_variantF1: 0.9748 - upstream_gene_variantF1Count: 358535.0000 - intron_variantF1: 0.9660 - intron_variantF1Count: 2009694.0000 - non_coding_transcript_exon_variantF1: 0.8856 - non_coding_transcript_exon_variantF1Count: 264480.0000 - splice_donor_variantF1: 0.9969 - splice_donor_variantF1Count: 16559.0000 - splice_donor_region_variantF1: 0.9418 - splice_donor_region_variantF1Count: 3804.0000 - splice_region_variantF1: 0.8859 - splice_region_variantF1Count: 58805.0000 - 5_prime_UTR_variantF1: 0.8839 - 5_prime_UTR_variantF1Count: 15990.0000 - splice_polypyrimidine_tract_variantF1: 0.8378 - splice_polypyrimidine_tract_variantF1Count: 51521.0000 - 3_prime_UTR_variantF1: 0.9552 - 3_prime_UTR_variantF1Count: 52129.0000 - synonymous_variantF1: 0.6390 - synonymous_variantF1Count: 217770.0000 - frameshift_variantF1: 0.9959 - frameshift_variantF1Count: 81568.0000 - stop_gainedF1: 0.9973 - stop_gainedF1Count: 48382.0000 - splice_acceptor_variantF1: 0.9972 - splice_acceptor_variantF1Count: 14344.0000 - splice_donor_5th_base_variantF1: 0.9812 - splice_donor_5th_base_variantF1Count: 1973.0000 - stop_lostF1: 0.9387 - stop_lostF1Count: 564.0000 - protein_altering_variantF1: 0.9655 - protein_altering_variantF1Count: 239.0000 - inframe_insertionF1: 0.8492 - inframe_insertionF1Count: 1723.0000 - inframe_deletionF1: 0.9473 - inframe_deletionF1Count: 3926.0000 - transcript_ablationF1: 1.0000 - transcript_ablationF1Count: 109.0000 - start_lostF1: 0.9879 - start_lostF1Count: 1572.0000 - stop_retained_variantF1: 0.0000e+00 - stop_retained_variantF1Count: 131.0000 - coding_sequence_variantF1: 1.0000 - coding_sequence_variantF1Count: 68.0000 - mature_miRNA_variantF1: 0.0000e+00 - mature_miRNA_variantF1Count: 15.0000 - incomplete_terminal_codon_variantF1: 0.0000e+00 - incomplete_terminal_codon_variantF1Count: 24.0000 - RareVariantF1Gnomad: 0.8257 - RareVariantF1GnomadCount: 168837.0000 - CommonVariantF1Gnomad: 0.5120 - CommonVariantF1GnomadCount: 3977220.0000 - RareVariantF1Frq: 0.8058 - RareVariantF1FrqCount: 254763.0000 - CommonVariantF1Frq: 0.5084 - CommonVariantF1FrqCount: 4046698.0000 - ClinvarPathogenicF1: 0.9993 - ClinvarPathogenicF1Count: 45631.0000 - ClinvarBenignF1: 0.5000 - ClinvarBenignF1Count: 620772.0000 - RareVariantWithoutClinvarSupportF1: 0.7843 - RareVariantWithoutClinvarSupportF1Count: 95558.0000 - val_loss: 0.0048 - val_true_positives: 525.0000 - val_true_negatives: 1872822.0000 - val_false_positives: 337.0000 - val_false_negatives: 76.0000 - val_binary_accuracy: 0.9998 - val_auc: 0.9957 - val_precision: 0.6090 - val_recall: 0.8735 - val_MCC: 0.7293 - val_F1: 0.7177 - val_missense_variantF1: 0.7993 - val_missense_variantF1Count: 5446.0000 - val_downstream_gene_variantF1: 0.7081 - val_downstream_gene_variantF1Count: 110815.0000 - val_upstream_gene_variantF1: 0.5493 - val_upstream_gene_variantF1Count: 110991.0000 - val_intron_variantF1: 0.5400 - val_intron_variantF1Count: 733557.0000 - val_non_coding_transcript_exon_variantF1: 0.6154 - val_non_coding_transcript_exon_variantF1Count: 22203.0000 - val_splice_donor_variantF1: 0.7324 - val_splice_donor_variantF1Count: 123.0000 - val_splice_donor_region_variantF1: 0.6667 - val_splice_donor_region_variantF1Count: 183.0000 - val_splice_region_variantF1: 0.5000 - val_splice_region_variantF1Count: 1042.0000 - val_5_prime_UTR_variantF1: 1.0000 - val_5_prime_UTR_variantF1Count: 3322.0000 - val_splice_polypyrimidine_tract_variantF1: 0.7143 - val_splice_polypyrimidine_tract_variantF1Count: 944.0000 - val_3_prime_UTR_variantF1: 0.5000 - val_3_prime_UTR_variantF1Count: 13021.0000 - val_synonymous_variantF1: 0.0000e+00 - val_synonymous_variantF1Count: 2289.0000 - val_frameshift_variantF1: 0.6214 - val_frameshift_variantF1Count: 435.0000 - val_stop_gainedF1: 0.7719 - val_stop_gainedF1Count: 154.0000 - val_splice_acceptor_variantF1: 0.7368 - val_splice_acceptor_variantF1Count: 107.0000 - val_splice_donor_5th_base_variantF1: 0.8000 - val_splice_donor_5th_base_variantF1Count: 71.0000 - val_stop_lostF1: 0.0000e+00 - val_stop_lostF1Count: 14.0000 - val_protein_altering_variantF1: 0.4444 - val_protein_altering_variantF1Count: 8.0000 - val_inframe_insertionF1: 0.5882 - val_inframe_insertionF1Count: 69.0000 - val_inframe_deletionF1: 0.6923 - val_inframe_deletionF1Count: 83.0000 - val_transcript_ablationF1: 0.0000e+00 - val_transcript_ablationF1Count: 0.0000e+00 - val_start_lostF1: 0.6667 - val_start_lostF1Count: 20.0000 - val_stop_retained_variantF1: 0.0000e+00 - val_stop_retained_variantF1Count: 9.0000 - val_coding_sequence_variantF1: 0.0000e+00 - val_coding_sequence_variantF1Count: 2.0000 - val_mature_miRNA_variantF1: 0.0000e+00 - val_mature_miRNA_variantF1Count: 7.0000 - val_incomplete_terminal_codon_variantF1: 0.0000e+00 - val_incomplete_terminal_codon_variantF1Count: 1.0000 - val_RareVariantF1Gnomad: 0.5106 - val_RareVariantF1GnomadCount: 27654.0000 - val_CommonVariantF1Gnomad: 0.1064 - val_CommonVariantF1GnomadCount: 1514199.0000 - val_RareVariantF1Frq: 0.9107 - val_RareVariantF1FrqCount: 60263.0000 - val_CommonVariantF1Frq: 0.2020 - val_CommonVariantF1FrqCount: 1561325.0000 - val_ClinvarPathogenicF1: 0.0000e+00 - val_ClinvarPathogenicF1Count: 0.0000e+00 - val_ClinvarBenignF1: 0.0000e+00 - val_ClinvarBenignF1Count: 0.0000e+00 - val_RareVariantWithoutClinvarSupportF1: 0.5106 - val_RareVariantWithoutClinvarSupportF1Count: 27654.0000 - 4893s/epoch - 139ms/step
Epoch 25/100
2025-05-11 07:18:10.322791: I tensorflow/core/kernels/data/shuffle_dataset_op.cc:392] Filling up shuffle buffer (this may take a while): 175813 of 500000
2025-05-11 07:18:13.195305: I tensorflow/core/kernels/data/shuffle_dataset_op.cc:417] Shuffle buffer filled.
[2025-05-11 07:22:52,901][model:model.py:L385][INFO] 24
[2025-05-11 07:22:52,902][model:model.py:L388][INFO] Saving model to /rdds/tmp/variant-rank-score/models/20250509-185018/saved-models/24-0.0047.keras
35131/35131 - 4837s - loss: 0.1952 - true_positives: 213921.0000 - true_negatives: 5398166.0000 - false_positives: 4542.0000 - false_negatives: 4331.0000 - binary_accuracy: 0.9984 - auc: 0.9986 - precision: 0.9792 - recall: 0.9802 - MCC: 0.9789 - F1: 0.9797 - missense_variantF1: 0.9457 - missense_variantF1Count: 158398.0000 - downstream_gene_variantF1: 0.9763 - downstream_gene_variantF1Count: 376500.0000 - upstream_gene_variantF1: 0.9747 - upstream_gene_variantF1Count: 358780.0000 - intron_variantF1: 0.9657 - intron_variantF1Count: 2008996.0000 - non_coding_transcript_exon_variantF1: 0.8906 - non_coding_transcript_exon_variantF1Count: 264572.0000 - splice_donor_variantF1: 0.9968 - splice_donor_variantF1Count: 16580.0000 - splice_donor_region_variantF1: 0.9351 - splice_donor_region_variantF1Count: 3849.0000 - splice_region_variantF1: 0.8984 - splice_region_variantF1Count: 58604.0000 - 5_prime_UTR_variantF1: 0.8741 - 5_prime_UTR_variantF1Count: 16050.0000 - splice_polypyrimidine_tract_variantF1: 0.8400 - splice_polypyrimidine_tract_variantF1Count: 51679.0000 - 3_prime_UTR_variantF1: 0.9546 - 3_prime_UTR_variantF1Count: 52183.0000 - synonymous_variantF1: 0.5676 - synonymous_variantF1Count: 218101.0000 - frameshift_variantF1: 0.9959 - frameshift_variantF1Count: 81591.0000 - stop_gainedF1: 0.9974 - stop_gainedF1Count: 48650.0000 - splice_acceptor_variantF1: 0.9972 - splice_acceptor_variantF1Count: 14439.0000 - splice_donor_5th_base_variantF1: 0.9763 - splice_donor_5th_base_variantF1Count: 2030.0000 - stop_lostF1: 0.9297 - stop_lostF1Count: 558.0000 - protein_altering_variantF1: 0.9373 - protein_altering_variantF1Count: 237.0000 - inframe_insertionF1: 0.8627 - inframe_insertionF1Count: 1716.0000 - inframe_deletionF1: 0.9423 - inframe_deletionF1Count: 3904.0000 - transcript_ablationF1: 0.9945 - transcript_ablationF1Count: 94.0000 - start_lostF1: 0.9864 - start_lostF1Count: 1564.0000 - stop_retained_variantF1: 0.0000e+00 - stop_retained_variantF1Count: 125.0000 - coding_sequence_variantF1: 1.0000 - coding_sequence_variantF1Count: 71.0000 - mature_miRNA_variantF1: 0.0000e+00 - mature_miRNA_variantF1Count: 13.0000 - incomplete_terminal_codon_variantF1: 0.0000e+00 - incomplete_terminal_codon_variantF1Count: 27.0000 - RareVariantF1Gnomad: 0.8199 - RareVariantF1GnomadCount: 168971.0000 - CommonVariantF1Gnomad: 0.5343 - CommonVariantF1GnomadCount: 3976040.0000 - RareVariantF1Frq: 0.8013 - RareVariantF1FrqCount: 254569.0000 - CommonVariantF1Frq: 0.4660 - CommonVariantF1FrqCount: 4045977.0000 - ClinvarPathogenicF1: 0.9993 - ClinvarPathogenicF1Count: 45800.0000 - ClinvarBenignF1: 0.6667 - ClinvarBenignF1Count: 621481.0000 - RareVariantWithoutClinvarSupportF1: 0.7825 - RareVariantWithoutClinvarSupportF1Count: 95698.0000 - val_loss: 0.0047 - val_true_positives: 513.0000 - val_true_negatives: 1872845.0000 - val_false_positives: 332.0000 - val_false_negatives: 70.0000 - val_binary_accuracy: 0.9998 - val_auc: 0.9965 - val_precision: 0.6071 - val_recall: 0.8799 - val_MCC: 0.7308 - val_F1: 0.7185 - val_missense_variantF1: 0.8014 - val_missense_variantF1Count: 5436.0000 - val_downstream_gene_variantF1: 0.6667 - val_downstream_gene_variantF1Count: 111164.0000 - val_upstream_gene_variantF1: 0.5600 - val_upstream_gene_variantF1Count: 110981.0000 - val_intron_variantF1: 0.5586 - val_intron_variantF1Count: 733168.0000 - val_non_coding_transcript_exon_variantF1: 0.5000 - val_non_coding_transcript_exon_variantF1Count: 22291.0000 - val_splice_donor_variantF1: 0.7458 - val_splice_donor_variantF1Count: 117.0000 - val_splice_donor_region_variantF1: 0.8571 - val_splice_donor_region_variantF1Count: 188.0000 - val_splice_region_variantF1: 0.5000 - val_splice_region_variantF1Count: 1097.0000 - val_5_prime_UTR_variantF1: 0.5000 - val_5_prime_UTR_variantF1Count: 3353.0000 - val_splice_polypyrimidine_tract_variantF1: 0.7500 - val_splice_polypyrimidine_tract_variantF1Count: 925.0000 - val_3_prime_UTR_variantF1: 0.5000 - val_3_prime_UTR_variantF1Count: 13030.0000 - val_synonymous_variantF1: 0.0000e+00 - val_synonymous_variantF1Count: 2283.0000 - val_frameshift_variantF1: 0.6236 - val_frameshift_variantF1Count: 427.0000 - val_stop_gainedF1: 0.7702 - val_stop_gainedF1Count: 151.0000 - val_splice_acceptor_variantF1: 0.7234 - val_splice_acceptor_variantF1Count: 104.0000 - val_splice_donor_5th_base_variantF1: 0.7273 - val_splice_donor_5th_base_variantF1Count: 70.0000 - val_stop_lostF1: 0.0000e+00 - val_stop_lostF1Count: 13.0000 - val_protein_altering_variantF1: 0.3636 - val_protein_altering_variantF1Count: 10.0000 - val_inframe_insertionF1: 0.6250 - val_inframe_insertionF1Count: 67.0000 - val_inframe_deletionF1: 0.7619 - val_inframe_deletionF1Count: 83.0000 - val_transcript_ablationF1: 0.0000e+00 - val_transcript_ablationF1Count: 0.0000e+00 - val_start_lostF1: 0.7692 - val_start_lostF1Count: 22.0000 - val_stop_retained_variantF1: 0.0000e+00 - val_stop_retained_variantF1Count: 6.0000 - val_coding_sequence_variantF1: 0.0000e+00 - val_coding_sequence_variantF1Count: 2.0000 - val_mature_miRNA_variantF1: 0.0000e+00 - val_mature_miRNA_variantF1Count: 6.0000 - val_incomplete_terminal_codon_variantF1: 0.0000e+00 - val_incomplete_terminal_codon_variantF1Count: 1.0000 - val_RareVariantF1Gnomad: 0.4889 - val_RareVariantF1GnomadCount: 27689.0000 - val_CommonVariantF1Gnomad: 0.0889 - val_CommonVariantF1GnomadCount: 1514019.0000 - val_RareVariantF1Frq: 0.9146 - val_RareVariantF1FrqCount: 60390.0000 - val_CommonVariantF1Frq: 0.1364 - val_CommonVariantF1FrqCount: 1561249.0000 - val_ClinvarPathogenicF1: 0.0000e+00 - val_ClinvarPathogenicF1Count: 0.0000e+00 - val_ClinvarBenignF1: 0.0000e+00 - val_ClinvarBenignF1Count: 0.0000e+00 - val_RareVariantWithoutClinvarSupportF1: 0.4889 - val_RareVariantWithoutClinvarSupportF1Count: 27689.0000 - 4837s/epoch - 138ms/step
Epoch 26/100
2025-05-11 08:41:52.932032: I tensorflow/core/kernels/data/shuffle_dataset_op.cc:392] Filling up shuffle buffer (this may take a while): 1 of 500000
2025-05-11 08:41:58.118030: I tensorflow/core/kernels/data/shuffle_dataset_op.cc:417] Shuffle buffer filled.
[2025-05-11 08:46:48,547][model:model.py:L385][INFO] 25
[2025-05-11 08:46:48,547][model:model.py:L388][INFO] Saving model to /rdds/tmp/variant-rank-score/models/20250509-185018/saved-models/25-0.0048.keras
35131/35131 - 5036s - loss: 0.1940 - true_positives: 213639.0000 - true_negatives: 5398521.0000 - false_positives: 4611.0000 - false_negatives: 4189.0000 - binary_accuracy: 0.9984 - auc: 0.9988 - precision: 0.9789 - recall: 0.9808 - MCC: 0.9790 - F1: 0.9798 - missense_variantF1: 0.9459 - missense_variantF1Count: 158145.0000 - downstream_gene_variantF1: 0.9755 - downstream_gene_variantF1Count: 376549.0000 - upstream_gene_variantF1: 0.9750 - upstream_gene_variantF1Count: 358414.0000 - intron_variantF1: 0.9670 - intron_variantF1Count: 2009260.0000 - non_coding_transcript_exon_variantF1: 0.8893 - non_coding_transcript_exon_variantF1Count: 264626.0000 - splice_donor_variantF1: 0.9971 - splice_donor_variantF1Count: 16548.0000 - splice_donor_region_variantF1: 0.9440 - splice_donor_region_variantF1Count: 3860.0000 - splice_region_variantF1: 0.8952 - splice_region_variantF1Count: 58828.0000 - 5_prime_UTR_variantF1: 0.8643 - 5_prime_UTR_variantF1Count: 16069.0000 - splice_polypyrimidine_tract_variantF1: 0.8353 - splice_polypyrimidine_tract_variantF1Count: 51592.0000 - 3_prime_UTR_variantF1: 0.9554 - 3_prime_UTR_variantF1Count: 52151.0000 - synonymous_variantF1: 0.6491 - synonymous_variantF1Count: 218186.0000 - frameshift_variantF1: 0.9958 - frameshift_variantF1Count: 81439.0000 - stop_gainedF1: 0.9971 - stop_gainedF1Count: 48503.0000 - splice_acceptor_variantF1: 0.9974 - splice_acceptor_variantF1Count: 14450.0000 - splice_donor_5th_base_variantF1: 0.9761 - splice_donor_5th_base_variantF1Count: 1986.0000 - stop_lostF1: 0.9182 - stop_lostF1Count: 568.0000 - protein_altering_variantF1: 0.9547 - protein_altering_variantF1Count: 235.0000 - inframe_insertionF1: 0.8683 - inframe_insertionF1Count: 1723.0000 - inframe_deletionF1: 0.9450 - inframe_deletionF1Count: 3929.0000 - transcript_ablationF1: 1.0000 - transcript_ablationF1Count: 104.0000 - start_lostF1: 0.9893 - start_lostF1Count: 1571.0000 - stop_retained_variantF1: 0.0000e+00 - stop_retained_variantF1Count: 129.0000 - coding_sequence_variantF1: 1.0000 - coding_sequence_variantF1Count: 68.0000 - mature_miRNA_variantF1: 0.0000e+00 - mature_miRNA_variantF1Count: 15.0000 - incomplete_terminal_codon_variantF1: 0.0000e+00 - incomplete_terminal_codon_variantF1Count: 27.0000 - RareVariantF1Gnomad: 0.8258 - RareVariantF1GnomadCount: 168663.0000 - CommonVariantF1Gnomad: 0.5232 - CommonVariantF1GnomadCount: 3977438.0000 - RareVariantF1Frq: 0.7985 - RareVariantF1FrqCount: 254375.0000 - CommonVariantF1Frq: 0.4637 - CommonVariantF1FrqCount: 4046878.0000 - ClinvarPathogenicF1: 0.9991 - ClinvarPathogenicF1Count: 45158.0000 - ClinvarBenignF1: 0.6667 - ClinvarBenignF1Count: 621265.0000 - RareVariantWithoutClinvarSupportF1: 0.7878 - RareVariantWithoutClinvarSupportF1Count: 95414.0000 - val_loss: 0.0048 - val_true_positives: 526.0000 - val_true_negatives: 1872808.0000 - val_false_positives: 351.0000 - val_false_negatives: 75.0000 - val_binary_accuracy: 0.9998 - val_auc: 0.9957 - val_precision: 0.5998 - val_recall: 0.8752 - val_MCC: 0.7244 - val_F1: 0.7118 - val_missense_variantF1: 0.7850 - val_missense_variantF1Count: 5503.0000 - val_downstream_gene_variantF1: 0.6709 - val_downstream_gene_variantF1Count: 110797.0000 - val_upstream_gene_variantF1: 0.5912 - val_upstream_gene_variantF1Count: 110941.0000 - val_intron_variantF1: 0.5437 - val_intron_variantF1Count: 733525.0000 - val_non_coding_transcript_exon_variantF1: 0.3636 - val_non_coding_transcript_exon_variantF1Count: 22139.0000 - val_splice_donor_variantF1: 0.7632 - val_splice_donor_variantF1Count: 125.0000 - val_splice_donor_region_variantF1: 0.8000 - val_splice_donor_region_variantF1Count: 181.0000 - val_splice_region_variantF1: 0.6667 - val_splice_region_variantF1Count: 1056.0000 - val_5_prime_UTR_variantF1: 1.0000 - val_5_prime_UTR_variantF1Count: 3322.0000 - val_splice_polypyrimidine_tract_variantF1: 0.7273 - val_splice_polypyrimidine_tract_variantF1Count: 928.0000 - val_3_prime_UTR_variantF1: 0.0000e+00 - val_3_prime_UTR_variantF1Count: 13004.0000 - val_synonymous_variantF1: 0.0000e+00 - val_synonymous_variantF1Count: 2286.0000 - val_frameshift_variantF1: 0.6253 - val_frameshift_variantF1Count: 428.0000 - val_stop_gainedF1: 0.7719 - val_stop_gainedF1Count: 156.0000 - val_splice_acceptor_variantF1: 0.7547 - val_splice_acceptor_variantF1Count: 101.0000 - val_splice_donor_5th_base_variantF1: 0.8571 - val_splice_donor_5th_base_variantF1Count: 64.0000 - val_stop_lostF1: 0.0000e+00 - val_stop_lostF1Count: 11.0000 - val_protein_altering_variantF1: 0.2857 - val_protein_altering_variantF1Count: 7.0000 - val_inframe_insertionF1: 0.4444 - val_inframe_insertionF1Count: 75.0000 - val_inframe_deletionF1: 0.6667 - val_inframe_deletionF1Count: 80.0000 - val_transcript_ablationF1: 0.0000e+00 - val_transcript_ablationF1Count: 0.0000e+00 - val_start_lostF1: 0.7273 - val_start_lostF1Count: 21.0000 - val_stop_retained_variantF1: 0.0000e+00 - val_stop_retained_variantF1Count: 9.0000 - val_coding_sequence_variantF1: 0.0000e+00 - val_coding_sequence_variantF1Count: 2.0000 - val_mature_miRNA_variantF1: 0.0000e+00 - val_mature_miRNA_variantF1Count: 7.0000 - val_incomplete_terminal_codon_variantF1: 0.0000e+00 - val_incomplete_terminal_codon_variantF1Count: 1.0000 - val_RareVariantF1Gnomad: 0.4727 - val_RareVariantF1GnomadCount: 27625.0000 - val_CommonVariantF1Gnomad: 0.0851 - val_CommonVariantF1GnomadCount: 1514560.0000 - val_RareVariantF1Frq: 0.9118 - val_RareVariantF1FrqCount: 60245.0000 - val_CommonVariantF1Frq: 0.2041 - val_CommonVariantF1FrqCount: 1561508.0000 - val_ClinvarPathogenicF1: 0.0000e+00 - val_ClinvarPathogenicF1Count: 0.0000e+00 - val_ClinvarBenignF1: 0.0000e+00 - val_ClinvarBenignF1Count: 0.0000e+00 - val_RareVariantWithoutClinvarSupportF1: 0.4727 - val_RareVariantWithoutClinvarSupportF1Count: 27625.0000 - 5036s/epoch - 143ms/step
Epoch 27/100
2025-05-11 10:06:51.295143: I tensorflow/core/kernels/data/shuffle_dataset_op.cc:392] Filling up shuffle buffer (this may take a while): 309083 of 500000
2025-05-11 10:06:52.901044: I tensorflow/core/kernels/data/shuffle_dataset_op.cc:417] Shuffle buffer filled.
[2025-05-11 10:11:26,289][model:model.py:L385][INFO] 26
[2025-05-11 10:11:26,296][model:model.py:L388][INFO] Saving model to /rdds/tmp/variant-rank-score/models/20250509-185018/saved-models/26-0.0047.keras
35131/35131 - 5078s - loss: 0.1929 - true_positives: 213901.0000 - true_negatives: 5398250.0000 - false_positives: 4576.0000 - false_negatives: 4233.0000 - binary_accuracy: 0.9984 - auc: 0.9987 - precision: 0.9791 - recall: 0.9806 - MCC: 0.9790 - F1: 0.9798 - missense_variantF1: 0.9458 - missense_variantF1Count: 158098.0000 - downstream_gene_variantF1: 0.9756 - downstream_gene_variantF1Count: 377066.0000 - upstream_gene_variantF1: 0.9757 - upstream_gene_variantF1Count: 358760.0000 - intron_variantF1: 0.9652 - intron_variantF1Count: 2009078.0000 - non_coding_transcript_exon_variantF1: 0.8921 - non_coding_transcript_exon_variantF1Count: 264629.0000 - splice_donor_variantF1: 0.9971 - splice_donor_variantF1Count: 16540.0000 - splice_donor_region_variantF1: 0.9445 - splice_donor_region_variantF1Count: 3793.0000 - splice_region_variantF1: 0.9071 - splice_region_variantF1Count: 58726.0000 - 5_prime_UTR_variantF1: 0.8587 - 5_prime_UTR_variantF1Count: 16077.0000 - splice_polypyrimidine_tract_variantF1: 0.8466 - splice_polypyrimidine_tract_variantF1Count: 51651.0000 - 3_prime_UTR_variantF1: 0.9601 - 3_prime_UTR_variantF1Count: 52112.0000 - synonymous_variantF1: 0.6075 - synonymous_variantF1Count: 217756.0000 - frameshift_variantF1: 0.9958 - frameshift_variantF1Count: 81716.0000 - stop_gainedF1: 0.9971 - stop_gainedF1Count: 48558.0000 - splice_acceptor_variantF1: 0.9974 - splice_acceptor_variantF1Count: 14318.0000 - splice_donor_5th_base_variantF1: 0.9786 - splice_donor_5th_base_variantF1Count: 1981.0000 - stop_lostF1: 0.9398 - stop_lostF1Count: 554.0000 - protein_altering_variantF1: 0.9536 - protein_altering_variantF1Count: 222.0000 - inframe_insertionF1: 0.8634 - inframe_insertionF1Count: 1713.0000 - inframe_deletionF1: 0.9456 - inframe_deletionF1Count: 3885.0000 - transcript_ablationF1: 0.9898 - transcript_ablationF1Count: 101.0000 - start_lostF1: 0.9870 - start_lostF1Count: 1550.0000 - stop_retained_variantF1: 0.0000e+00 - stop_retained_variantF1Count: 131.0000 - coding_sequence_variantF1: 1.0000 - coding_sequence_variantF1Count: 68.0000 - mature_miRNA_variantF1: 0.0000e+00 - mature_miRNA_variantF1Count: 12.0000 - incomplete_terminal_codon_variantF1: 0.0000e+00 - incomplete_terminal_codon_variantF1Count: 27.0000 - RareVariantF1Gnomad: 0.8217 - RareVariantF1GnomadCount: 168712.0000 - CommonVariantF1Gnomad: 0.5306 - CommonVariantF1GnomadCount: 3976062.0000 - RareVariantF1Frq: 0.8033 - RareVariantF1FrqCount: 254329.0000 - CommonVariantF1Frq: 0.4393 - CommonVariantF1FrqCount: 4045772.0000 - ClinvarPathogenicF1: 0.9991 - ClinvarPathogenicF1Count: 45225.0000 - ClinvarBenignF1: 0.7273 - ClinvarBenignF1Count: 620287.0000 - RareVariantWithoutClinvarSupportF1: 0.7811 - RareVariantWithoutClinvarSupportF1Count: 95735.0000 - val_loss: 0.0047 - val_true_positives: 546.0000 - val_true_negatives: 1872796.0000 - val_false_positives: 333.0000 - val_false_negatives: 85.0000 - val_binary_accuracy: 0.9998 - val_auc: 0.9959 - val_precision: 0.6212 - val_recall: 0.8653 - val_MCC: 0.7330 - val_F1: 0.7232 - val_missense_variantF1: 0.7934 - val_missense_variantF1Count: 5410.0000 - val_downstream_gene_variantF1: 0.7329 - val_downstream_gene_variantF1Count: 110938.0000 - val_upstream_gene_variantF1: 0.5818 - val_upstream_gene_variantF1Count: 110869.0000 - val_intron_variantF1: 0.5238 - val_intron_variantF1Count: 733518.0000 - val_non_coding_transcript_exon_variantF1: 0.4706 - val_non_coding_transcript_exon_variantF1Count: 22286.0000 - val_splice_donor_variantF1: 0.7647 - val_splice_donor_variantF1Count: 121.0000 - val_splice_donor_region_variantF1: 0.7692 - val_splice_donor_region_variantF1Count: 185.0000 - val_splice_region_variantF1: 0.6000 - val_splice_region_variantF1Count: 1055.0000 - val_5_prime_UTR_variantF1: 0.6667 - val_5_prime_UTR_variantF1Count: 3328.0000 - val_splice_polypyrimidine_tract_variantF1: 0.8000 - val_splice_polypyrimidine_tract_variantF1Count: 926.0000 - val_3_prime_UTR_variantF1: 0.5000 - val_3_prime_UTR_variantF1Count: 13003.0000 - val_synonymous_variantF1: 0.0000e+00 - val_synonymous_variantF1Count: 2266.0000 - val_frameshift_variantF1: 0.6469 - val_frameshift_variantF1Count: 443.0000 - val_stop_gainedF1: 0.7904 - val_stop_gainedF1Count: 152.0000 - val_splice_acceptor_variantF1: 0.7917 - val_splice_acceptor_variantF1Count: 101.0000 - val_splice_donor_5th_base_variantF1: 0.8000 - val_splice_donor_5th_base_variantF1Count: 65.0000 - val_stop_lostF1: 0.0000e+00 - val_stop_lostF1Count: 13.0000 - val_protein_altering_variantF1: 0.4444 - val_protein_altering_variantF1Count: 8.0000 - val_inframe_insertionF1: 0.5263 - val_inframe_insertionF1Count: 70.0000 - val_inframe_deletionF1: 0.8000 - val_inframe_deletionF1Count: 87.0000 - val_transcript_ablationF1: 0.0000e+00 - val_transcript_ablationF1Count: 0.0000e+00 - val_start_lostF1: 0.7273 - val_start_lostF1Count: 21.0000 - val_stop_retained_variantF1: 0.0000e+00 - val_stop_retained_variantF1Count: 8.0000 - val_coding_sequence_variantF1: 0.0000e+00 - val_coding_sequence_variantF1Count: 2.0000 - val_mature_miRNA_variantF1: 0.0000e+00 - val_mature_miRNA_variantF1Count: 6.0000 - val_incomplete_terminal_codon_variantF1: 0.0000e+00 - val_incomplete_terminal_codon_variantF1Count: 1.0000 - val_RareVariantF1Gnomad: 0.4444 - val_RareVariantF1GnomadCount: 27716.0000 - val_CommonVariantF1Gnomad: 0.0714 - val_CommonVariantF1GnomadCount: 1514595.0000 - val_RareVariantF1Frq: 0.9072 - val_RareVariantF1FrqCount: 60386.0000 - val_CommonVariantF1Frq: 0.1591 - val_CommonVariantF1FrqCount: 1561519.0000 - val_ClinvarPathogenicF1: 0.0000e+00 - val_ClinvarPathogenicF1Count: 0.0000e+00 - val_ClinvarBenignF1: 0.0000e+00 - val_ClinvarBenignF1Count: 0.0000e+00 - val_RareVariantWithoutClinvarSupportF1: 0.4444 - val_RareVariantWithoutClinvarSupportF1Count: 27716.0000 - 5078s/epoch - 145ms/step
Epoch 28/100
2025-05-11 11:29:27.217573: I tensorflow/core/kernels/data/shuffle_dataset_op.cc:392] Filling up shuffle buffer (this may take a while): 386657 of 500000
2025-05-11 11:29:28.160478: I tensorflow/core/kernels/data/shuffle_dataset_op.cc:417] Shuffle buffer filled.
[2025-05-11 11:34:40,772][model:model.py:L385][INFO] 27
[2025-05-11 11:34:40,772][model:model.py:L388][INFO] Saving model to /rdds/tmp/variant-rank-score/models/20250509-185018/saved-models/27-0.0047.keras
35131/35131 - 4994s - loss: 0.1944 - true_positives: 213609.0000 - true_negatives: 5398540.0000 - false_positives: 4513.0000 - false_negatives: 4298.0000 - binary_accuracy: 0.9984 - auc: 0.9986 - precision: 0.9793 - recall: 0.9803 - MCC: 0.9790 - F1: 0.9798 - missense_variantF1: 0.9458 - missense_variantF1Count: 158308.0000 - downstream_gene_variantF1: 0.9762 - downstream_gene_variantF1Count: 376259.0000 - upstream_gene_variantF1: 0.9738 - upstream_gene_variantF1Count: 358699.0000 - intron_variantF1: 0.9650 - intron_variantF1Count: 2009607.0000 - non_coding_transcript_exon_variantF1: 0.8890 - non_coding_transcript_exon_variantF1Count: 264336.0000 - splice_donor_variantF1: 0.9969 - splice_donor_variantF1Count: 16646.0000 - splice_donor_region_variantF1: 0.9458 - splice_donor_region_variantF1Count: 3833.0000 - splice_region_variantF1: 0.8993 - splice_region_variantF1Count: 58799.0000 - 5_prime_UTR_variantF1: 0.8596 - 5_prime_UTR_variantF1Count: 16062.0000 - splice_polypyrimidine_tract_variantF1: 0.8519 - splice_polypyrimidine_tract_variantF1Count: 51616.0000 - 3_prime_UTR_variantF1: 0.9592 - 3_prime_UTR_variantF1Count: 52070.0000 - synonymous_variantF1: 0.6222 - synonymous_variantF1Count: 218003.0000 - frameshift_variantF1: 0.9958 - frameshift_variantF1Count: 81355.0000 - stop_gainedF1: 0.9974 - stop_gainedF1Count: 48522.0000 - splice_acceptor_variantF1: 0.9976 - splice_acceptor_variantF1Count: 14447.0000 - splice_donor_5th_base_variantF1: 0.9786 - splice_donor_5th_base_variantF1Count: 2007.0000 - stop_lostF1: 0.9419 - stop_lostF1Count: 572.0000 - protein_altering_variantF1: 0.9625 - protein_altering_variantF1Count: 244.0000 - inframe_insertionF1: 0.8567 - inframe_insertionF1Count: 1752.0000 - inframe_deletionF1: 0.9445 - inframe_deletionF1Count: 3924.0000 - transcript_ablationF1: 0.9832 - transcript_ablationF1Count: 93.0000 - start_lostF1: 0.9868 - start_lostF1Count: 1599.0000 - stop_retained_variantF1: 0.0000e+00 - stop_retained_variantF1Count: 126.0000 - coding_sequence_variantF1: 0.9921 - coding_sequence_variantF1Count: 72.0000 - mature_miRNA_variantF1: 0.0000e+00 - mature_miRNA_variantF1Count: 16.0000 - incomplete_terminal_codon_variantF1: 0.0000e+00 - incomplete_terminal_codon_variantF1Count: 27.0000 - RareVariantF1Gnomad: 0.8186 - RareVariantF1GnomadCount: 168973.0000 - CommonVariantF1Gnomad: 0.5076 - CommonVariantF1GnomadCount: 3976996.0000 - RareVariantF1Frq: 0.7993 - RareVariantF1FrqCount: 254631.0000 - CommonVariantF1Frq: 0.4695 - CommonVariantF1FrqCount: 4046758.0000 - ClinvarPathogenicF1: 0.9992 - ClinvarPathogenicF1Count: 45689.0000 - ClinvarBenignF1: 0.5714 - ClinvarBenignF1Count: 621906.0000 - RareVariantWithoutClinvarSupportF1: 0.7794 - RareVariantWithoutClinvarSupportF1Count: 95495.0000 - val_loss: 0.0047 - val_true_positives: 527.0000 - val_true_negatives: 1872812.0000 - val_false_positives: 341.0000 - val_false_negatives: 80.0000 - val_binary_accuracy: 0.9998 - val_auc: 0.9916 - val_precision: 0.6071 - val_recall: 0.8682 - val_MCC: 0.7259 - val_F1: 0.7146 - val_missense_variantF1: 0.7993 - val_missense_variantF1Count: 5501.0000 - val_downstream_gene_variantF1: 0.6711 - val_downstream_gene_variantF1Count: 111242.0000 - val_upstream_gene_variantF1: 0.5535 - val_upstream_gene_variantF1Count: 110857.0000 - val_intron_variantF1: 0.4915 - val_intron_variantF1Count: 733351.0000 - val_non_coding_transcript_exon_variantF1: 0.3333 - val_non_coding_transcript_exon_variantF1Count: 22336.0000 - val_splice_donor_variantF1: 0.7105 - val_splice_donor_variantF1Count: 126.0000 - val_splice_donor_region_variantF1: 0.6667 - val_splice_donor_region_variantF1Count: 184.0000 - val_splice_region_variantF1: 0.7143 - val_splice_region_variantF1Count: 1084.0000 - val_5_prime_UTR_variantF1: 0.4000 - val_5_prime_UTR_variantF1Count: 3375.0000 - val_splice_polypyrimidine_tract_variantF1: 0.7273 - val_splice_polypyrimidine_tract_variantF1Count: 925.0000 - val_3_prime_UTR_variantF1: 0.5000 - val_3_prime_UTR_variantF1Count: 13072.0000 - val_synonymous_variantF1: 0.0000e+00 - val_synonymous_variantF1Count: 2331.0000 - val_frameshift_variantF1: 0.6309 - val_frameshift_variantF1Count: 431.0000 - val_stop_gainedF1: 0.7841 - val_stop_gainedF1Count: 154.0000 - val_splice_acceptor_variantF1: 0.7273 - val_splice_acceptor_variantF1Count: 113.0000 - val_splice_donor_5th_base_variantF1: 0.8571 - val_splice_donor_5th_base_variantF1Count: 66.0000 - val_stop_lostF1: 0.0000e+00 - val_stop_lostF1Count: 12.0000 - val_protein_altering_variantF1: 0.2222 - val_protein_altering_variantF1Count: 9.0000 - val_inframe_insertionF1: 0.5263 - val_inframe_insertionF1Count: 68.0000 - val_inframe_deletionF1: 0.8000 - val_inframe_deletionF1Count: 81.0000 - val_transcript_ablationF1: 0.0000e+00 - val_transcript_ablationF1Count: 0.0000e+00 - val_start_lostF1: 0.8333 - val_start_lostF1Count: 18.0000 - val_stop_retained_variantF1: 0.0000e+00 - val_stop_retained_variantF1Count: 9.0000 - val_coding_sequence_variantF1: 0.0000e+00 - val_coding_sequence_variantF1Count: 2.0000 - val_mature_miRNA_variantF1: 0.0000e+00 - val_mature_miRNA_variantF1Count: 6.0000 - val_incomplete_terminal_codon_variantF1: 0.0000e+00 - val_incomplete_terminal_codon_variantF1Count: 1.0000 - val_RareVariantF1Gnomad: 0.4800 - val_RareVariantF1GnomadCount: 27546.0000 - val_CommonVariantF1Gnomad: 0.0909 - val_CommonVariantF1GnomadCount: 1514309.0000 - val_RareVariantF1Frq: 0.9066 - val_RareVariantF1FrqCount: 60296.0000 - val_CommonVariantF1Frq: 0.1895 - val_CommonVariantF1FrqCount: 1561312.0000 - val_ClinvarPathogenicF1: 0.0000e+00 - val_ClinvarPathogenicF1Count: 0.0000e+00 - val_ClinvarBenignF1: 0.0000e+00 - val_ClinvarBenignF1Count: 0.0000e+00 - val_RareVariantWithoutClinvarSupportF1: 0.4800 - val_RareVariantWithoutClinvarSupportF1Count: 27546.0000 - 4994s/epoch - 142ms/step
Epoch 29/100
2025-05-11 12:57:05.847956: I tensorflow/core/kernels/data/shuffle_dataset_op.cc:392] Filling up shuffle buffer (this may take a while): 317306 of 500000
2025-05-11 12:57:07.374005: I tensorflow/core/kernels/data/shuffle_dataset_op.cc:417] Shuffle buffer filled.
[2025-05-11 13:02:01,358][model:model.py:L385][INFO] 28
[2025-05-11 13:02:01,368][model:model.py:L388][INFO] Saving model to /rdds/tmp/variant-rank-score/models/20250509-185018/saved-models/28-0.0048.keras
35131/35131 - 5241s - loss: 0.1945 - true_positives: 213778.0000 - true_negatives: 5398450.0000 - false_positives: 4519.0000 - false_negatives: 4213.0000 - binary_accuracy: 0.9984 - auc: 0.9987 - precision: 0.9793 - recall: 0.9807 - MCC: 0.9792 - F1: 0.9800 - missense_variantF1: 0.9470 - missense_variantF1Count: 158081.0000 - downstream_gene_variantF1: 0.9761 - downstream_gene_variantF1Count: 376706.0000 - upstream_gene_variantF1: 0.9754 - upstream_gene_variantF1Count: 358643.0000 - intron_variantF1: 0.9643 - intron_variantF1Count: 2009407.0000 - non_coding_transcript_exon_variantF1: 0.8907 - non_coding_transcript_exon_variantF1Count: 264714.0000 - splice_donor_variantF1: 0.9970 - splice_donor_variantF1Count: 16548.0000 - splice_donor_region_variantF1: 0.9465 - splice_donor_region_variantF1Count: 3856.0000 - splice_region_variantF1: 0.8933 - splice_region_variantF1Count: 58677.0000 - 5_prime_UTR_variantF1: 0.8762 - 5_prime_UTR_variantF1Count: 16026.0000 - splice_polypyrimidine_tract_variantF1: 0.8300 - splice_polypyrimidine_tract_variantF1Count: 51673.0000 - 3_prime_UTR_variantF1: 0.9524 - 3_prime_UTR_variantF1Count: 52137.0000 - synonymous_variantF1: 0.6522 - synonymous_variantF1Count: 217887.0000 - frameshift_variantF1: 0.9958 - frameshift_variantF1Count: 81465.0000 - stop_gainedF1: 0.9973 - stop_gainedF1Count: 48606.0000 - splice_acceptor_variantF1: 0.9976 - splice_acceptor_variantF1Count: 14358.0000 - splice_donor_5th_base_variantF1: 0.9789 - splice_donor_5th_base_variantF1Count: 1998.0000 - stop_lostF1: 0.9228 - stop_lostF1Count: 559.0000 - protein_altering_variantF1: 0.9598 - protein_altering_variantF1Count: 229.0000 - inframe_insertionF1: 0.8615 - inframe_insertionF1Count: 1723.0000 - inframe_deletionF1: 0.9421 - inframe_deletionF1Count: 3940.0000 - transcript_ablationF1: 0.9751 - transcript_ablationF1Count: 105.0000 - start_lostF1: 0.9882 - start_lostF1Count: 1549.0000 - stop_retained_variantF1: 0.0000e+00 - stop_retained_variantF1Count: 122.0000 - coding_sequence_variantF1: 0.9831 - coding_sequence_variantF1Count: 68.0000 - mature_miRNA_variantF1: 0.0000e+00 - mature_miRNA_variantF1Count: 13.0000 - incomplete_terminal_codon_variantF1: 0.0000e+00 - incomplete_terminal_codon_variantF1Count: 28.0000 - RareVariantF1Gnomad: 0.8253 - RareVariantF1GnomadCount: 168558.0000 - CommonVariantF1Gnomad: 0.5207 - CommonVariantF1GnomadCount: 3976808.0000 - RareVariantF1Frq: 0.8003 - RareVariantF1FrqCount: 254759.0000 - CommonVariantF1Frq: 0.4568 - CommonVariantF1FrqCount: 4046172.0000 - ClinvarPathogenicF1: 0.9992 - ClinvarPathogenicF1Count: 45471.0000 - ClinvarBenignF1: 0.7143 - ClinvarBenignF1Count: 620555.0000 - RareVariantWithoutClinvarSupportF1: 0.7907 - RareVariantWithoutClinvarSupportF1Count: 95606.0000 - val_loss: 0.0048 - val_true_positives: 530.0000 - val_true_negatives: 1872819.0000 - val_false_positives: 336.0000 - val_false_negatives: 75.0000 - val_binary_accuracy: 0.9998 - val_auc: 0.9966 - val_precision: 0.6120 - val_recall: 0.8760 - val_MCC: 0.7321 - val_F1: 0.7206 - val_missense_variantF1: 0.8000 - val_missense_variantF1Count: 5488.0000 - val_downstream_gene_variantF1: 0.7067 - val_downstream_gene_variantF1Count: 111079.0000 - val_upstream_gene_variantF1: 0.5960 - val_upstream_gene_variantF1Count: 111044.0000 - val_intron_variantF1: 0.5000 - val_intron_variantF1Count: 733956.0000 - val_non_coding_transcript_exon_variantF1: 0.5333 - val_non_coding_transcript_exon_variantF1Count: 22268.0000 - val_splice_donor_variantF1: 0.8219 - val_splice_donor_variantF1Count: 117.0000 - val_splice_donor_region_variantF1: 0.8000 - val_splice_donor_region_variantF1Count: 182.0000 - val_splice_region_variantF1: 0.5455 - val_splice_region_variantF1Count: 1086.0000 - val_5_prime_UTR_variantF1: 0.5000 - val_5_prime_UTR_variantF1Count: 3316.0000 - val_splice_polypyrimidine_tract_variantF1: 0.7692 - val_splice_polypyrimidine_tract_variantF1Count: 929.0000 - val_3_prime_UTR_variantF1: 0.4000 - val_3_prime_UTR_variantF1Count: 13003.0000 - val_synonymous_variantF1: 0.0000e+00 - val_synonymous_variantF1Count: 2261.0000 - val_frameshift_variantF1: 0.6332 - val_frameshift_variantF1Count: 434.0000 - val_stop_gainedF1: 0.7719 - val_stop_gainedF1Count: 154.0000 - val_splice_acceptor_variantF1: 0.7234 - val_splice_acceptor_variantF1Count: 103.0000 - val_splice_donor_5th_base_variantF1: 0.7143 - val_splice_donor_5th_base_variantF1Count: 70.0000 - val_stop_lostF1: 0.0000e+00 - val_stop_lostF1Count: 13.0000 - val_protein_altering_variantF1: 0.4444 - val_protein_altering_variantF1Count: 8.0000 - val_inframe_insertionF1: 0.5882 - val_inframe_insertionF1Count: 69.0000 - val_inframe_deletionF1: 0.7273 - val_inframe_deletionF1Count: 85.0000 - val_transcript_ablationF1: 0.0000e+00 - val_transcript_ablationF1Count: 0.0000e+00 - val_start_lostF1: 0.7273 - val_start_lostF1Count: 20.0000 - val_stop_retained_variantF1: 0.0000e+00 - val_stop_retained_variantF1Count: 9.0000 - val_coding_sequence_variantF1: 0.0000e+00 - val_coding_sequence_variantF1Count: 1.0000 - val_mature_miRNA_variantF1: 0.0000e+00 - val_mature_miRNA_variantF1Count: 6.0000 - val_incomplete_terminal_codon_variantF1: 0.0000e+00 - val_incomplete_terminal_codon_variantF1Count: 1.0000 - val_RareVariantF1Gnomad: 0.3529 - val_RareVariantF1GnomadCount: 27707.0000 - val_CommonVariantF1Gnomad: 0.1053 - val_CommonVariantF1GnomadCount: 1514388.0000 - val_RareVariantF1Frq: 0.9107 - val_RareVariantF1FrqCount: 60279.0000 - val_CommonVariantF1Frq: 0.1446 - val_CommonVariantF1FrqCount: 1561627.0000 - val_ClinvarPathogenicF1: 0.0000e+00 - val_ClinvarPathogenicF1Count: 0.0000e+00 - val_ClinvarBenignF1: 0.0000e+00 - val_ClinvarBenignF1Count: 0.0000e+00 - val_RareVariantWithoutClinvarSupportF1: 0.3529 - val_RareVariantWithoutClinvarSupportF1Count: 27707.0000 - 5241s/epoch - 149ms/step
Epoch 30/100
2025-05-11 14:22:55.361594: I tensorflow/core/kernels/data/shuffle_dataset_op.cc:392] Filling up shuffle buffer (this may take a while): 416648 of 500000
2025-05-11 14:22:56.037936: I tensorflow/core/kernels/data/shuffle_dataset_op.cc:417] Shuffle buffer filled.
[2025-05-11 14:27:26,226][model:model.py:L385][INFO] 29
[2025-05-11 14:27:26,227][model:model.py:L388][INFO] Saving model to /rdds/tmp/variant-rank-score/models/20250509-185018/saved-models/29-0.0047.keras
35131/35131 - 5125s - loss: 0.1931 - true_positives: 214053.0000 - true_negatives: 5398179.0000 - false_positives: 4532.0000 - false_negatives: 4196.0000 - binary_accuracy: 0.9984 - auc: 0.9987 - precision: 0.9793 - recall: 0.9808 - MCC: 0.9792 - F1: 0.9800 - missense_variantF1: 0.9466 - missense_variantF1Count: 158433.0000 - downstream_gene_variantF1: 0.9767 - downstream_gene_variantF1Count: 376391.0000 - upstream_gene_variantF1: 0.9749 - upstream_gene_variantF1Count: 358355.0000 - intron_variantF1: 0.9653 - intron_variantF1Count: 2009182.0000 - non_coding_transcript_exon_variantF1: 0.8891 - non_coding_transcript_exon_variantF1Count: 264333.0000 - splice_donor_variantF1: 0.9974 - splice_donor_variantF1Count: 16627.0000 - splice_donor_region_variantF1: 0.9469 - splice_donor_region_variantF1Count: 3821.0000 - splice_region_variantF1: 0.8977 - splice_region_variantF1Count: 58878.0000 - 5_prime_UTR_variantF1: 0.8596 - 5_prime_UTR_variantF1Count: 16049.0000 - splice_polypyrimidine_tract_variantF1: 0.8440 - splice_polypyrimidine_tract_variantF1Count: 51450.0000 - 3_prime_UTR_variantF1: 0.9531 - 3_prime_UTR_variantF1Count: 52156.0000 - synonymous_variantF1: 0.6937 - synonymous_variantF1Count: 218148.0000 - frameshift_variantF1: 0.9958 - frameshift_variantF1Count: 81640.0000 - stop_gainedF1: 0.9971 - stop_gainedF1Count: 48531.0000 - splice_acceptor_variantF1: 0.9973 - splice_acceptor_variantF1Count: 14406.0000 - splice_donor_5th_base_variantF1: 0.9781 - splice_donor_5th_base_variantF1Count: 2032.0000 - stop_lostF1: 0.9456 - stop_lostF1Count: 564.0000 - protein_altering_variantF1: 0.9516 - protein_altering_variantF1Count: 241.0000 - inframe_insertionF1: 0.8620 - inframe_insertionF1Count: 1727.0000 - inframe_deletionF1: 0.9472 - inframe_deletionF1Count: 3937.0000 - transcript_ablationF1: 1.0000 - transcript_ablationF1Count: 104.0000 - start_lostF1: 0.9905 - start_lostF1Count: 1599.0000 - stop_retained_variantF1: 0.0000e+00 - stop_retained_variantF1Count: 135.0000 - coding_sequence_variantF1: 0.9916 - coding_sequence_variantF1Count: 68.0000 - mature_miRNA_variantF1: 0.0000e+00 - mature_miRNA_variantF1Count: 15.0000 - incomplete_terminal_codon_variantF1: 0.0000e+00 - incomplete_terminal_codon_variantF1Count: 27.0000 - RareVariantF1Gnomad: 0.8177 - RareVariantF1GnomadCount: 169026.0000 - CommonVariantF1Gnomad: 0.5319 - CommonVariantF1GnomadCount: 3976136.0000 - RareVariantF1Frq: 0.8024 - RareVariantF1FrqCount: 254622.0000 - CommonVariantF1Frq: 0.4754 - CommonVariantF1FrqCount: 4045700.0000 - ClinvarPathogenicF1: 0.9993 - ClinvarPathogenicF1Count: 45646.0000 - ClinvarBenignF1: 0.7692 - ClinvarBenignF1Count: 621232.0000 - RareVariantWithoutClinvarSupportF1: 0.7792 - RareVariantWithoutClinvarSupportF1Count: 95651.0000 - val_loss: 0.0047 - val_true_positives: 532.0000 - val_true_negatives: 1872805.0000 - val_false_positives: 346.0000 - val_false_negatives: 77.0000 - val_binary_accuracy: 0.9998 - val_auc: 0.9941 - val_precision: 0.6059 - val_recall: 0.8736 - val_MCC: 0.7274 - val_F1: 0.7155 - val_missense_variantF1: 0.7917 - val_missense_variantF1Count: 5500.0000 - val_downstream_gene_variantF1: 0.6842 - val_downstream_gene_variantF1Count: 110869.0000 - val_upstream_gene_variantF1: 0.5930 - val_upstream_gene_variantF1Count: 110761.0000 - val_intron_variantF1: 0.5455 - val_intron_variantF1Count: 733827.0000 - val_non_coding_transcript_exon_variantF1: 0.4000 - val_non_coding_transcript_exon_variantF1Count: 22226.0000 - val_splice_donor_variantF1: 0.7123 - val_splice_donor_variantF1Count: 123.0000 - val_splice_donor_region_variantF1: 0.5714 - val_splice_donor_region_variantF1Count: 181.0000 - val_splice_region_variantF1: 0.6000 - val_splice_region_variantF1Count: 1071.0000 - val_5_prime_UTR_variantF1: 0.5000 - val_5_prime_UTR_variantF1Count: 3310.0000 - val_splice_polypyrimidine_tract_variantF1: 0.7273 - val_splice_polypyrimidine_tract_variantF1Count: 930.0000 - val_3_prime_UTR_variantF1: 0.5000 - val_3_prime_UTR_variantF1Count: 13052.0000 - val_synonymous_variantF1: 0.0000e+00 - val_synonymous_variantF1Count: 2249.0000 - val_frameshift_variantF1: 0.6316 - val_frameshift_variantF1Count: 423.0000 - val_stop_gainedF1: 0.7654 - val_stop_gainedF1Count: 152.0000 - val_splice_acceptor_variantF1: 0.7407 - val_splice_acceptor_variantF1Count: 103.0000 - val_splice_donor_5th_base_variantF1: 0.7143 - val_splice_donor_5th_base_variantF1Count: 70.0000 - val_stop_lostF1: 0.0000e+00 - val_stop_lostF1Count: 13.0000 - val_protein_altering_variantF1: 0.2222 - val_protein_altering_variantF1Count: 9.0000 - val_inframe_insertionF1: 0.6250 - val_inframe_insertionF1Count: 73.0000 - val_inframe_deletionF1: 0.7368 - val_inframe_deletionF1Count: 85.0000 - val_transcript_ablationF1: 0.0000e+00 - val_transcript_ablationF1Count: 0.0000e+00 - val_start_lostF1: 0.7692 - val_start_lostF1Count: 22.0000 - val_stop_retained_variantF1: 0.0000e+00 - val_stop_retained_variantF1Count: 9.0000 - val_coding_sequence_variantF1: 0.0000e+00 - val_coding_sequence_variantF1Count: 2.0000 - val_mature_miRNA_variantF1: 0.0000e+00 - val_mature_miRNA_variantF1Count: 6.0000 - val_incomplete_terminal_codon_variantF1: 0.0000e+00 - val_incomplete_terminal_codon_variantF1Count: 1.0000 - val_RareVariantF1Gnomad: 0.4231 - val_RareVariantF1GnomadCount: 27670.0000 - val_CommonVariantF1Gnomad: 0.0899 - val_CommonVariantF1GnomadCount: 1514202.0000 - val_RareVariantF1Frq: 0.9062 - val_RareVariantF1FrqCount: 60273.0000 - val_CommonVariantF1Frq: 0.2151 - val_CommonVariantF1FrqCount: 1561253.0000 - val_ClinvarPathogenicF1: 0.0000e+00 - val_ClinvarPathogenicF1Count: 0.0000e+00 - val_ClinvarBenignF1: 0.0000e+00 - val_ClinvarBenignF1Count: 0.0000e+00 - val_RareVariantWithoutClinvarSupportF1: 0.4231 - val_RareVariantWithoutClinvarSupportF1Count: 27670.0000 - 5125s/epoch - 146ms/step
Epoch 30: early stopping
[2025-05-11 14:27:26,419][model:model.py:L717][INFO] Training model explainer
[2025-05-11 14:27:26,420][model_explainer:model_explainer.py:L32][DEBUG] Initialized with features: ['CSQ_PolyPhen', 'CSQ_SIFT', 'CSQ_CLINVAR_CLNREVSTAT', 'CSQ_CLINVAR_CLNSIG', 'most_severe_consequence', 'CSQ_MaxEntScan_alt', 'CSQ_MaxEntScan_diff', 'CSQ_MES-SWA_acceptor_alt', 'CSQ_MES-SWA_donor_alt', 'CSQ_MES-SWA_donor_diff', 'CSQ_SpliceAI_pred_DS_AL', 'CSQ_SpliceAI_pred_DS_DG', 'CSQ_SpliceAI_pred_DS_DL', 'CSQ_REVEL_score', 'CSQ_LoFtool', 'CSQ_GERP++_RS', 'CSQ_phastCons100way_vertebrate', 'CSQ_phyloP100way_vertebrate', 'CADD', 'SWEGENAF', 'GNOMADAF_popmax', 'SPIDEX', 'CSQ_SpliceAI_pred_DS_AG', 'Frq']
[2025-05-11 14:27:26,420][model_explainer:model_explainer.py:L37][DEBUG] Adapting to dataset
2025-05-11 14:27:30.453394: I tensorflow/core/common_runtime/executor.cc:1197] [/device:CPU:0] (DEBUG INFO) Executor start aborting (this does not indicate an error and you can ignore this message): INVALID_ARGUMENT: You must feed a value for placeholder tensor 'Placeholder/_30' with dtype float
	 [[{{node Placeholder/_30}}]]
2025-05-11 14:27:30.457572: I tensorflow/core/common_runtime/executor.cc:1197] [/device:CPU:0] (DEBUG INFO) Executor start aborting (this does not indicate an error and you can ignore this message): INVALID_ARGUMENT: You must feed a value for placeholder tensor 'Placeholder/_37' with dtype float
	 [[{{node Placeholder/_37}}]]
2025-05-11 14:27:59.539875: I tensorflow/core/kernels/data/shuffle_dataset_op.cc:392] Filling up shuffle buffer (this may take a while): 1 of 500000
2025-05-11 14:27:59.567206: I tensorflow/core/kernels/data/shuffle_dataset_op.cc:392] Filling up shuffle buffer (this may take a while): 2 of 500000
2025-05-11 14:28:00.855459: I tensorflow/core/kernels/data/shuffle_dataset_op.cc:392] Filling up shuffle buffer (this may take a while): 2559 of 500000
2025-05-11 14:28:10.855688: I tensorflow/core/kernels/data/shuffle_dataset_op.cc:392] Filling up shuffle buffer (this may take a while): 29681 of 500000
2025-05-11 14:28:20.855449: I tensorflow/core/kernels/data/shuffle_dataset_op.cc:392] Filling up shuffle buffer (this may take a while): 61786 of 500000
2025-05-11 14:28:30.855516: I tensorflow/core/kernels/data/shuffle_dataset_op.cc:392] Filling up shuffle buffer (this may take a while): 87866 of 500000
2025-05-11 14:28:40.855704: I tensorflow/core/kernels/data/shuffle_dataset_op.cc:392] Filling up shuffle buffer (this may take a while): 113353 of 500000
2025-05-11 14:28:50.855480: I tensorflow/core/kernels/data/shuffle_dataset_op.cc:392] Filling up shuffle buffer (this may take a while): 141468 of 500000
2025-05-11 14:29:00.855810: I tensorflow/core/kernels/data/shuffle_dataset_op.cc:392] Filling up shuffle buffer (this may take a while): 165652 of 500000
2025-05-11 14:29:10.855509: I tensorflow/core/kernels/data/shuffle_dataset_op.cc:392] Filling up shuffle buffer (this may take a while): 187815 of 500000
2025-05-11 14:29:20.855654: I tensorflow/core/kernels/data/shuffle_dataset_op.cc:392] Filling up shuffle buffer (this may take a while): 219597 of 500000
2025-05-11 14:29:30.855463: I tensorflow/core/kernels/data/shuffle_dataset_op.cc:392] Filling up shuffle buffer (this may take a while): 246496 of 500000
2025-05-11 14:29:40.855531: I tensorflow/core/kernels/data/shuffle_dataset_op.cc:392] Filling up shuffle buffer (this may take a while): 270687 of 500000
2025-05-11 14:29:50.855686: I tensorflow/core/kernels/data/shuffle_dataset_op.cc:392] Filling up shuffle buffer (this may take a while): 296342 of 500000
2025-05-11 14:30:00.855751: I tensorflow/core/kernels/data/shuffle_dataset_op.cc:392] Filling up shuffle buffer (this may take a while): 322040 of 500000
2025-05-11 14:30:10.855534: I tensorflow/core/kernels/data/shuffle_dataset_op.cc:392] Filling up shuffle buffer (this may take a while): 349365 of 500000
2025-05-11 14:30:20.855606: I tensorflow/core/kernels/data/shuffle_dataset_op.cc:392] Filling up shuffle buffer (this may take a while): 381170 of 500000
2025-05-11 14:30:30.855741: I tensorflow/core/kernels/data/shuffle_dataset_op.cc:392] Filling up shuffle buffer (this may take a while): 407831 of 500000
2025-05-11 14:30:40.855719: I tensorflow/core/kernels/data/shuffle_dataset_op.cc:392] Filling up shuffle buffer (this may take a while): 436690 of 500000
2025-05-11 14:30:50.855603: I tensorflow/core/kernels/data/shuffle_dataset_op.cc:392] Filling up shuffle buffer (this may take a while): 459952 of 500000
2025-05-11 14:31:00.855996: I tensorflow/core/kernels/data/shuffle_dataset_op.cc:392] Filling up shuffle buffer (this may take a while): 483467 of 500000
2025-05-11 14:31:09.815126: I tensorflow/core/kernels/data/shuffle_dataset_op.cc:417] Shuffle buffer filled.
[2025-05-11 14:31:11,994][model_explainer:model_explainer.py:L69][DEBUG] Reference data shape: (50, 24)
[2025-05-11 14:31:11,994][shap_explainer:shap_explainer.py:L37][DEBUG] Computing reference
[2025-05-11 14:31:12,204][model_explainer:model_explainer.py:L71][DEBUG] Reference data adapt() complete
[2025-05-11 14:31:12,500][shap_explainer:shap_explainer.py:L76][DEBUG] Saving to /rdds/tmp/variant-rank-score/models/20250509-185018/model-explainer.bin
[2025-05-11 14:31:12,554][model:model.py:L734][INFO] Saved model explainer to /rdds/tmp/variant-rank-score/models/20250509-185018/model-explainer.bin
[INFO/MainProcess] process shutting down
[34mINFO:   [0m Cleaning up image...
+ rmdir /home/tor.bjorgen/repos/cg/train0/tmp/devenv/singularity-cache/1746816486
